"owner_age"	"car_age"	"km_driven"	"repairs"	"car_type"	"price"
23	2.17	25142.7680022467	24	0	4077
26	18.92	120164.547501536	17	0	2804
35	24.9	90244.4996573468	13	0	4432
34	1.93	15384.3266153632	18	0	5340
67	6.88	32319.1461779037	19	0	4053
31	8.33	25718.5024618526	25	0	2985
55	7.85	36129.4659960651	5	0	6012
57	29.89	109681.624189619	24	0	1734
67	38.45	203070.314304202	21	1	4831
31	15	62091.15915437	18	0	3943
21	19.26	109121.115252448	10	0	4883
56	28.71	173790.570918573	6	0	3251
61	8.21	54936.6624544997	15	0	5250
24	20.53	46706.6630771974	16	0	4609
19	21.67	59279.2640582295	1	0	2508
27	13.82	67001.9141626405	13	0	5821
74	31.22	139401.028351695	14	1	7022
54	31.26	186608.50425121	21	0	740
59	26.21	107748.306019022	9	0	4223
49	6.32	21951.405245713	20	0	3848
69	29.84	135378.77583832	8	0	4474
67	37.7	69899.6264129382	24	0	1930
23	11.52	58210.8419894055	16	0	5045
19	23.63	126073.969150408	14	0	4047
59	10.84	54583.7220456789	7	0	6420
61	2.8	26647.5879516103	12	1	6799
51	20.95	94657.2010201228	24	0	2188
29	9.74	28231.837654949	20	0	4068
40	26.78	103861.293731189	15	0	3844
33	26.24	65161.6448627785	24	0	1965
52	39.51	73827.0792978696	6	0	5210
55	8.98	43145.9275982506	3	0	5546
24	2.67	28697.8559046815	10	1	7042
67	34.8	109966.176160541	12	0	4282
60	25	48252.7353064506	25	0	2065
34	25.69	140654.167425991	19	1	5112
60	13	46645.1542417635	4	0	5061
71	4.58	27219.8822876997	17	0	4953
70	30.1	102375.857861352	23	0	1338
68	4.07	23868.7437448255	24	0	3321
54	11.37	81588.2532125877	25	0	1919
69	37.53	56904.565643199	10	0	4897
68	11.63	28686.0249536438	11	0	6411
65	16.5	50657.8137472679	17	1	6396
58	4.6	38681.1078942323	4	0	5168
37	15.6	41979.9849265488	22	1	5837
72	26.31	71259.0520228667	16	0	4067
29	34.47	144435.535514726	12	0	3323
75	4.87	27357.8529983474	11	0	6263
72	24.47	134712.291141946	1	0	1858
75	7.09	45169.9185214596	10	0	7036
43	36.75	199776.786265684	16	0	1037
65	38.73	179349.620513389	4	0	2462
32	22.14	138767.160187408	24	0	1272
18	16.33	80644.8756446232	11	1	7661
64	9.02	44975.2227685624	2	0	4302
71	33.23	66949.7189872258	15	0	3794
34	13.01	56161.1166593473	9	0	5994
19	4.03	27544.8619166479	19	0	4518
60	15.29	97376.5964412288	8	0	5798
58	3.76	21639.1250752797	17	0	5615
23	12.09	54165.5496708277	1	0	2929
75	25.57	111588.954976323	21	1	5337
20	29.03	126239.065892136	11	0	4221
28	16.87	68021.5099071173	22	0	2245
25	31.6	167359.449749091	7	0	3521
22	15.69	88588.1017522994	22	0	2565
21	25.68	112730.150391636	7	0	4746
34	39.03	239619.058017379	17	0	643
71	31.35	42915.6598683025	20	0	2767
64	22.8	55626.7554935883	21	0	2418
21	23.68	72160.4603067134	6	0	4768
54	4.47	40496.0574773801	2	1	5173
48	5.63	43868.1632173364	15	0	4944
21	28.54	135356.269343002	12	0	3605
28	10.4	71803.4609947586	18	0	3610
73	24.95	45243.5178153843	16	1	7973
62	5.09	33317.7044131295	11	0	7031
43	27.66	44955.0466728542	14	0	4939
37	28.62	154169.651234465	11	0	3951
63	16.24	66071.9436210883	18	0	3331
72	3.12	18416.511900709	15	0	6369
18	6.25	35054.3783173998	15	0	5857
71	33.05	146812.303543369	25	0	-105
44	18.24	94275.2235094551	25	0	1915
20	11.72	52611.9436960155	1	0	3335
39	28.48	136632.157174516	10	1	7394
71	5.57	28026.2001815895	17	0	5490
21	32.86	98694.3746423832	25	0	918
18	1.37	27115.0163043235	11	0	6359
49	12.9	36563.1590028119	24	1	5368
46	14.09	65431.3211034666	18	1	5449
66	33.82	100923.932312648	1	0	2075
28	26.2	134023.927775753	10	1	7958
64	33.06	195816.592190903	14	0	1989
45	32.62	52338.5720009467	9	0	5485
20	18.36	85505.0726072595	14	0	4187
31	19.75	50045.3822075651	20	0	3619
74	31.94	83769.2437873042	21	0	1901
22	5.53	45815.0500864818	11	0	5845
36	19.99	71329.5660286478	15	0	4978
24	29.88	43755.324320657	12	1	9864
63	10.72	58447.7650830802	4	0	5212
22	11.6	70554.5340752113	11	1	7584
33	29.86	113826.056523983	18	0	2408
73	23.22	74212.8059415473	22	0	2783
39	2.23	23495.4712817466	23	0	3322
74	2.39	28381.0763639267	1	0	4430
38	9.53	71088.6648163805	0	1	4162
22	35.4	170868.638600514	19	0	1505
21	3.3	18602.5117888552	11	0	6709
43	11.27	75457.6986625465	3	0	4016
56	9.41	51239.1245931762	25	0	2484
58	20.62	43070.4431429127	22	0	2760
45	37.85	71345.3663537628	10	0	4725
56	30.08	68503.5112372041	2	1	6939
56	1.18	23534.6872935188	6	0	6808
53	31.91	119884.264778825	0	0	340
50	5.69	31938.5053439255	2	0	5263
63	9.3	45435.9124446928	15	0	5754
19	11.23	70594.1082144959	18	0	4265
42	22.52	134478.25564265	20	0	1478
47	30.63	71121.9802880695	14	0	4055
72	11.61	26484.7308437951	23	0	3979
19	10.51	60670.671305678	1	0	3259
52	13.78	32793.3208745113	1	1	5353
71	30.71	112863.187847977	12	0	3619
46	33.08	147207.996497583	3	1	6431
64	5.82	32289.7814341582	13	0	6666
31	15.87	50573.8086651251	25	0	2399
27	5.6	37205.6987390621	8	0	7204
32	29.78	114362.255821239	7	0	4136
22	32.2	150058.430241549	20	0	1757
55	28.18	72778.1904988002	10	1	8396
31	4.73	20006.5103618361	8	0	6837
70	32.81	78547.2859741596	10	0	5314
48	39.18	143360.757529128	14	0	2820
72	4.79	28309.5163265991	8	0	6735
62	20.88	57371.3882042002	9	0	5654
35	11.83	45376.0473767191	5	0	6051
21	14.68	56380.9188284422	1	1	5077
24	12.84	45003.0827049562	24	0	2674
25	14.19	33981.1862636582	2	1	6680
65	27.6	78058.7550509488	17	1	6774
42	32.52	73857.243227606	8	0	5677
60	21.32	70982.8601374489	22	0	2605
24	17.3	45461.2395205972	15	0	5280
37	30.65	176541.513233568	4	0	2263
52	4.4	42834.4033203437	17	1	5728
75	5.32	22222.6134963846	22	0	3333
39	23.01	109021.393321414	5	0	4595
51	10.37	72181.0749259981	19	0	3507
50	34.4	183479.006494302	16	1	6559
64	2.91	28618.6227984319	4	0	5919
64	2.95	25682.9560949845	22	0	3387
24	22.55	73788.1358292216	5	0	4360
70	30.68	56165.8209555584	7	0	5705
66	37.36	117114.643888813	21	0	1391
66	30.1	88393.6739731842	13	0	4671
44	11.34	63169.9364639295	6	0	6276
47	25.11	102648.646376103	13	1	8117
54	36.08	84498.8816054445	5	0	4162
55	6.58	58522.4915994995	14	0	6024
57	31.19	151739.468364624	23	0	726
42	38.56	189367.218177659	9	0	3368
44	7.68	24398.0231713504	8	0	7401
28	25.52	87197.4257286056	15	1	7792
66	34.97	168206.66175477	19	1	5769
46	27.41	121728.665928883	21	0	1538
58	23.9	99315.7559782209	12	0	4935
21	32.51	86980.8589667748	15	0	4140
62	13.46	44287.6110839326	6	1	7680
24	1.47	16950.5833290052	3	0	5831
66	37.27	83842.3405713725	3	1	8016
62	5.01	24319.203701198	5	0	5819
28	2.23	28218.3137058502	3	0	6115
47	36.43	206449.243503021	22	0	-150
33	14.61	73393.7015953861	5	0	5344
42	23.69	114386.955520218	9	1	7316
34	8.8	59006.554199243	16	0	5146
63	19.47	92120.5518721647	16	1	6027
37	22.41	69157.5380821447	20	0	3308
28	20.27	63453.636650487	2	0	3268
30	27.18	104715.990186469	23	0	1623
65	34.78	142263.674044877	4	1	7601
28	29.8	68351.672486082	15	0	4468
74	24.16	41515.7147472352	16	0	4377
60	39.37	49057.3320149572	11	0	5153
50	3.63	20895.0573225686	21	0	4654
26	10.47	36799.6157196807	6	1	7292
52	12.34	29352.7302270976	18	0	5224
67	32.55	87076.3009784074	15	0	4352
36	18.12	97804.5208839164	23	1	4338
27	4.17	19322.8830522078	13	0	7095
19	18.46	115828.184730851	4	0	3690
53	19.16	121550.992860162	8	0	5095
59	6.09	42099.8930024685	13	0	5572
61	27.15	49482.3957162807	11	0	6148
26	32.75	87100.2159291529	8	0	5008
37	25.64	92027.4032470665	16	1	6869
45	5.17	38217.7975018905	1	0	4031
22	31.7	57713.5255722154	2	0	3039
62	31.32	69235.9904488781	24	1	6275
30	34.29	134120.489087754	2	0	2364
44	3.23	17511.9530559919	16	1	6689
65	22.22	66935.0440193183	5	0	5138
42	39.5	109177.29174417	22	0	1194
60	20.88	119232.557602141	3	0	2997
32	33.91	168003.224671477	6	1	7541
33	35.75	167143.424713293	13	0	3247
53	36.42	188001.577820216	16	0	1984
18	24.17	134532.03246633	11	0	3823
64	8.79	62923.2813849844	4	0	4613
30	10.66	32918.2425535866	16	0	5402
61	21.31	125353.209734112	7	1	7461
57	38.82	121622.424514894	8	0	4617
33	38.86	237578.603777973	0	1	3894
42	29.88	79843.7490072369	13	0	4985
60	30.26	65116.1600797676	19	1	6861
33	16.47	99615.1201725006	3	0	4308
26	15.45	37258.8229753863	5	0	6385
45	38.63	204731.123855106	8	0	2363
49	1.98	24763.2895341178	0	1	4081
26	2.88	32732.2742708214	10	0	6341
56	7.18	29273.1855427154	18	0	4287
70	26.82	151757.675099875	15	0	3303
40	9.52	50509.4549566973	12	1	7048
36	2.16	25488.9324283577	10	0	6941
55	9.73	29278.265858287	4	1	7778
28	34.18	199202.3339723	14	0	2537
72	11.83	71270.3434863672	9	0	5428
50	1.23	23690.1366108653	18	0	4906
59	26.62	140905.959271521	4	0	3640
61	35.96	196141.18427256	25	0	-831
23	1.92	16628.9778131992	24	0	3519
64	31.44	64949.0305657266	6	0	5200
66	39.95	203230.334643518	1	0	405
26	34.87	105917.756963283	15	0	3652
67	18.47	60439.165920956	14	0	4914
56	7.56	50171.1348354816	5	0	5899
39	8.31	21907.055337762	12	0	6322
49	20.79	90634.4660948816	3	0	3731
73	31.18	77569.7954606783	16	0	4186
36	26.26	48978.6885149503	1	0	3521
71	35.72	212448.31388936	3	0	963
41	21.14	76215.4701737536	2	0	3657
66	22.53	53762.1224976439	3	0	3963
20	11.06	56083.9346433536	11	0	5858
26	3.36	36104.6594236605	10	0	7237
73	39.64	112918.152323809	15	0	2753
40	28.44	109599.659785456	5	0	3728
63	8.23	52638.5638427729	22	0	3305
40	38.86	194768.881239974	10	0	2608
53	26.05	139059.932059038	12	1	7185
31	18.69	42470.3243891711	16	1	6856
64	3.66	30859.7067706421	18	0	4969
31	23.56	49200.4232649354	25	0	2551
43	34.04	157021.56231286	11	1	8017
38	32.71	64414.078550787	4	0	4706
67	36.94	104302.073684145	17	1	7263
72	7.63	27450.8779480559	18	0	4883
63	23.09	110050.432514576	16	0	3500
73	36.74	201563.344230996	13	0	2733
50	23.85	91119.4589273451	14	1	7894
71	26.22	81756.8169853621	4	0	4746
46	32.01	159440.442717807	24	0	-413
45	38.69	150049.105316405	1	0	1068
41	33.62	125915.31764663	10	0	4659
57	37.77	54593.0821043727	19	0	2931
22	19.26	115268.587463349	24	0	1478
23	9.75	56687.1189632075	8	0	5997
64	4.16	33654.0373002645	11	0	6857
53	6.69	28462.6306774281	6	0	6747
49	35.19	64121.333338753	3	0	4339
75	22.18	24673.4168391209	2	0	4689
27	10.16	81438.2351561636	4	0	5227
19	28.6	161130.632886174	10	0	3924
56	20.73	41041.4211910154	8	0	6663
68	9.93	47727.1622407826	23	0	3459
25	25.69	109342.602203817	6	0	4847
44	5.67	41281.381849866	15	0	5546
34	14.68	65392.8983101435	18	0	3334
36	4.6	42745.5017611035	8	0	6554
46	13.76	60627.9009735212	6	1	8140
28	5.18	41026.9610226323	2	0	4244
60	20.44	71088.2081585843	23	1	4478
21	27.99	63474.007367056	0	0	2153
59	5.48	33392.3554395093	19	0	4878
72	16.97	101931.378392476	5	0	4444
24	17.56	32555.3018915048	14	0	5732
47	25.78	109338.454993992	10	0	5114
70	1.15	20967.7274601563	4	1	6583
40	31.25	85988.939536619	10	0	4667
59	28.25	150425.755427168	16	0	1990
33	13.44	78600.9496259876	21	0	2768
32	18.31	73857.2603382252	5	0	5520
49	24.04	45261.3705861906	4	0	5506
62	29.05	48359.5357874961	24	0	2027
23	30.11	48274.5823878158	11	0	5093
37	3.37	22840.2644839595	20	0	3835
54	3.42	18010.1293773466	4	0	6192
37	31.24	75542.3362577148	22	0	2229
35	33.43	143450.83131345	13	1	7137
41	1.83	17193.1126323165	4	0	5839
19	26.57	162311.097964346	14	1	6289
46	3.18	28190.9926342859	4	0	5948
28	23.83	123162.595977489	14	0	3632
52	23.35	39982.9868039873	20	1	6146
37	15.56	39646.9828567153	24	0	2294
36	35.07	183009.770116966	20	0	843
51	8.61	58223.3482349452	12	0	5815
56	31.24	99047.7756266133	21	0	1986
65	22.96	51620.0969164865	20	0	2870
25	26.9	50308.1504205911	0	0	1966
22	22.23	107966.344482391	14	0	3728
30	30.1	40389.3607896462	17	0	4014
51	30.99	112663.929975701	8	0	4120
38	32.06	67495.0861205225	19	0	3001
66	39.44	210298.233866298	24	0	-1543
24	23.88	60607.4006096344	10	0	5967
67	18.37	82644.0248059249	7	0	5766
69	30.15	136701.820095604	7	1	8192
71	25.45	84182.0846337505	4	0	4547
19	26.29	117279.080954987	6	0	3821
34	20.88	30990.5898941518	9	0	6197
52	18.58	71728.7870141165	8	0	6157
48	22.29	118697.336298999	12	0	4206
29	15.53	37151.5621528326	3	1	6745
28	7.12	37745.6225099834	7	0	6651
47	19.66	80981.4221195166	3	0	4094
57	15.58	86168.5221378371	12	0	4977
74	20.22	90085.9473232849	21	0	2874
38	39.8	106679.955004487	20	0	2182
70	9.25	39541.1702811325	23	0	3402
30	29.16	66841.460297507	0	1	5973
44	12.4	48375.8776162751	11	0	5916
39	2.52	48166.9730083854	8	0	6484
50	4.23	19886.7097553943	23	0	3218
46	31.93	86821.6632860724	11	0	5252
65	23.16	54746.5305584657	3	0	4461
21	19	87542.5177130091	23	0	2488
73	14.3	62091.9788949221	7	1	7604
18	26	73070.4845230212	10	0	5231
65	19.57	44633.6699096233	14	1	8102
57	24.4	137892.872911796	18	0	2720
21	23.25	39168.9136715941	25	0	1954
29	1.7	16754.7520237102	6	0	6375
55	26.27	107663.374316121	19	1	6377
20	25.14	72791.1112401076	11	0	5298
45	22.21	61564.6827792376	3	0	4254
60	39.63	66107.354768017	16	0	3785
66	30.07	172381.681317464	24	0	570
44	9.72	36850.8139753772	13	0	6182
71	21.76	107266.209659698	20	0	2702
32	1.4	19582.0354141819	15	1	6038
42	21.69	139120.3625169	7	0	4713
22	5.4	33439.56562198	17	0	5002
22	32.56	39374.2693666858	15	0	4441
60	34.18	140320.711670177	13	0	3662
21	15.29	97580.861623467	21	0	1858
73	10.42	55225.0960093574	20	0	3975
66	30.73	89331.4140935402	21	0	2393
35	15.03	41718.9158612577	0	0	3139
30	7.34	54446.2887069007	16	0	4717
19	17.68	31882.8562817653	25	0	3348
45	35.28	84001.3195591629	3	0	3667
25	14.44	61942.9647689406	4	0	5342
42	13.49	39786.2615662214	15	1	7295
21	13.59	41575.1823736622	9	0	6887
21	39.25	188263.587952722	15	0	1612
60	24.29	61317.7247837806	25	0	2294
62	35.4	184921.789072215	20	0	427
19	17	91746.8857067579	14	1	6456
60	7.02	43670.3831878287	13	0	5608
56	7.95	55563.7771843787	19	0	4215
47	17.35	101605.347684304	15	0	4071
31	2.87	18201.3700429443	10	0	7192
24	4.95	38804.8370983175	5	0	6056
36	25.6	167864.211398223	10	0	3231
28	14.04	43200.7018360472	9	0	6452
47	19.09	119708.362868705	0	0	1663
49	35.21	157844.908065356	21	1	5599
43	2.04	20357.3866133858	4	1	6855
28	14.9	66198.1189158891	10	1	8373
56	28.77	123431.603485548	15	0	3519
62	33.52	156415.671351738	23	1	5006
68	6.68	41770.2993670979	16	0	5648
67	8.57	69977.2095481367	2	0	3956
44	30.48	75016.143350366	1	0	1909
21	11.33	58053.0339667091	13	0	5732
26	21.24	56989.8331734072	18	0	3792
44	6.75	48129.2902931091	3	1	5962
45	18.06	70766.263968781	23	1	4987
34	21.61	50330.0257785761	23	0	2443
69	20.68	107521.349148201	14	0	3710
35	16.9	35503.2820345077	9	1	8162
70	16.01	65843.7539829098	10	0	5458
47	24.99	101972.58835002	21	0	2391
46	37.52	216915.930271342	10	0	1889
68	18.52	83760.377664417	8	1	8415
19	33.25	154696.579536365	8	0	3674
43	28.13	172845.18170964	13	0	3311
72	1	20126.3491483696	19	0	5003
18	27.69	64468.9586578755	0	0	1401
43	4.27	41663.8082975359	19	0	4834
58	29.21	98707.7169443137	3	0	3873
46	29.17	156555.517469732	15	0	2743
37	33.38	154192.848357018	18	0	2139
51	22.92	97068.7735319964	10	1	8555
32	20.27	92175.4215769385	22	0	2219
53	36.54	153530.40560482	23	0	736
67	30.79	96221.1598943651	8	0	4282
38	6.28	37713.225520933	23	0	3173
67	9.87	42538.5506936337	17	0	4522
74	19.41	33174.9375167239	21	1	6435
25	36.35	182130.419876406	22	0	495
24	38.32	138721.704312963	25	0	791
36	32.57	187972.87131618	10	0	2694
26	32.23	73886.1008850069	12	0	4816
55	20.35	83593.6501946824	13	0	5043
53	35.07	68256.3937938635	1	0	2996
66	12.26	68175.1129052218	15	0	5183
30	38.58	64169.9297381763	23	1	6236
59	38.18	119963.946683388	19	0	1597
63	22.64	50332.161038043	1	0	3667
39	18.57	63479.3281645179	10	0	5804
71	39.61	163016.846388661	23	0	-149
31	24.52	58825.4320782784	23	0	2528
52	7.6	41475.6666547037	22	0	3903
67	8.22	56540.3544092045	8	0	6157
50	18.21	108056.979106418	6	0	5205
45	37.48	164273.869973165	9	0	3173
75	36.02	146421.296208761	24	0	211
75	28.89	55516.8024681049	10	0	5416
55	12.6	89058.6342507566	20	0	3058
28	20.36	126255.044893152	20	0	1861
43	6.04	38613.6153748096	12	1	7480
46	11.55	28255.1858389357	13	0	6112
66	3.94	25172.3536854924	15	1	6504
42	23.03	70308.8835784112	12	0	5036
64	5.33	20838.5992178554	0	1	4426
21	10.1	71142.0364574471	0	0	2793
34	18.1	76847.7518991655	7	0	5595
24	30.29	44007.2241723264	2	0	3985
35	2.49	26033.9349768954	12	1	7408
22	29.53	149273.755657262	13	1	6673
55	35.68	65677.7693002112	8	0	5255
51	16.85	89078.0402629578	12	0	5256
52	9.53	25534.5058888168	9	0	6947
65	1.92	17181.5791140683	16	0	5515
27	19.03	44036.4544303558	18	0	4166
68	1.86	21253.6454893666	19	0	4797
61	8.61	54620.3669258419	24	0	2571
51	33.98	186718.398255639	19	1	5729
32	27.97	119129.592312939	8	0	4674
70	21.45	97683.2649250122	6	1	7351
18	13.44	65570.8482355718	10	0	6336
53	3.28	30235.3204848757	13	1	7243
33	20.9	40521.492419421	17	0	3923
55	10.9	54729.8733315984	6	1	7052
53	21.43	82557.9756795985	25	0	1699
35	21.83	87733.3419511546	14	0	4167
57	29.02	78508.0310474115	12	0	4335
52	24.29	64294.8393481434	11	1	8637
66	31.74	160032.250014046	19	0	791
30	34.22	56034.4423768163	17	0	3274
61	25.92	65926.6242134944	12	1	8758
21	27.23	148005.175154666	5	0	2836
44	10.97	29820.5422988479	3	0	5785
46	21.4	38586.2091578776	21	0	3108
21	15.37	93449.0346311778	21	1	4261
19	37.5	134083.607817811	18	0	2137
62	11.65	43190.9182218427	23	0	3123
32	21.91	123526.438093843	9	0	5028
72	34.4	53614.6586087532	19	0	3776
58	24.87	76369.8044780651	15	1	7382
24	39.35	200081.341662191	17	0	1158
22	31.98	61850.5289688759	9	0	5128
22	36.52	73473.8638709684	17	1	7801
51	34.67	179451.984043017	9	0	3086
55	7.9	30001.5490835242	19	0	4176
74	26.31	144131.828681562	19	0	2168
36	29.22	179180.978891295	5	0	2489
68	18.84	94898.1843529898	13	0	5251
52	37.54	134344.74802759	13	0	3473
65	36.4	82198.2440617285	5	0	4699
35	35.25	186553.494669206	18	0	915
24	1.12	16149.0089541022	19	0	4962
50	18.86	38106.6797802527	1	1	5508
70	39.45	193241.749904265	10	0	2856
56	20.8	78169.4231528789	10	0	5507
47	26.26	41401.1768327595	4	0	5536
65	25.14	181313.364926215	11	0	3157
34	31.88	122419.837140943	11	0	3583
41	29.59	137489.637984774	13	1	7260
63	11.38	39897.3409059801	10	0	6873
31	4.54	38387.1599774121	2	0	4959
60	7.4	31292.3734989949	25	0	3059
65	18.77	70282.3617468521	19	0	3518
48	11.92	56485.6660756981	20	0	4081
56	30.65	44956.3583908021	23	0	2970
24	23.24	72700.675971926	0	0	2377
46	21.45	123532.797865401	0	0	579
36	2.12	28089.0660156321	10	0	6547
48	15.19	47974.1715858565	12	0	6053
30	37.55	220271.981320062	21	0	-637
54	38.49	129051.378335779	20	0	1185
50	27.81	67143.0049833664	25	1	5008
48	25.24	80605.1367258758	14	0	4356
51	13.48	66091.2345916673	9	0	6495
26	23.74	67420.0073526858	21	0	3157
49	28.15	106023.977481732	12	0	3814
22	25.73	76916.894260007	7	0	4780
25	37.9	148647.993668015	19	1	5739
55	13.06	45448.5492895497	23	0	2573
45	36.63	223021.714033748	17	1	4905
74	25.09	64884.8143871874	0	0	1997
25	23.08	33853.844434499	24	0	2401
48	32.82	123933.831340217	14	0	3057
73	28.8	101536.69346245	15	0	3603
37	6.97	32474.9673697396	10	0	7047
60	6.45	21015.6461266553	9	1	8322
52	36.39	135406.289080856	19	1	6015
23	22.9	92594.444617923	8	0	5433
18	12.9	71589.4600030471	8	0	6340
64	37.81	59955.261233841	19	0	2434
19	33.58	190499.509557179	8	0	3254
63	30.29	135276.648834751	15	0	3193
63	33.27	138225.678665041	11	0	3981
73	5.41	25187.7686971429	22	0	4093
25	13.35	31355.736138139	2	0	4177
33	15.06	41936.5120611264	23	0	3588
58	11.76	38374.7387531702	10	0	6708
50	30.79	35506.3044471748	4	1	9134
62	4.87	45149.9285930797	4	0	5255
41	5.52	27631.5252758237	20	0	4435
43	35.77	180058.997581521	1	0	-45
27	16.14	34079.6512533323	10	0	6624
39	3.75	20241.1164275691	18	0	4582
62	24.56	70251.4989723195	21	0	3224
47	15.98	61315.0886639004	19	1	5876
70	4.51	20734.4574733995	3	0	5709
43	16.79	57958.9334837298	10	0	6071
45	9.96	31068.7872855621	9	1	8262
44	19.7	81473.669022345	18	0	3194
38	22.98	90157.9755350319	0	0	1211
32	9.23	50454.3218223128	8	1	7924
54	5.83	25486.7987572931	21	0	4451
57	37.25	65861.7586119944	22	0	1964
41	26.99	148073.892866468	1	0	872
45	16.63	80738.7871702557	14	0	5299
34	38.43	133302.821288992	14	1	7498
46	27.96	76990.8404436347	22	0	1688
52	8	28630.4349065758	17	0	5188
50	25.03	112291.826364423	2	0	3178
27	37.89	106107.604395261	11	0	3728
34	23.95	107529.705752237	9	0	5250
47	14.51	29914.7742824125	0	1	5352
29	5.73	17383.3728754357	22	0	4336
54	14.23	80806.0920114091	12	1	7785
35	19.84	50227.1975873876	20	0	3905
20	11.14	77414.9185374851	2	0	4096
37	3.71	14738.7356138887	23	0	3765
72	1.7	25210.149037934	25	0	3730
34	22.6	101194.015541812	25	0	1203
51	11.37	50533.5834022128	15	0	4821
38	12.57	80162.0857757461	1	0	2667
75	33.34	200105.985749143	16	0	1044
70	7.33	54855.7446970735	7	1	7566
61	36.47	200974.611319176	17	0	584
30	22.11	59877.0962298036	6	0	5430
53	31.82	130047.711128701	22	0	1054
19	19.54	54279.459624858	19	1	6635
29	1.46	21799.8035104648	11	1	7205
60	35.49	67900.5334597526	15	0	4306
45	38.94	101049.881599339	0	0	1141
74	19.84	42823.1132341269	9	1	8648
32	9.23	38166.3969857231	11	0	6607
34	35.76	65914.0472635068	11	0	4528
70	32.69	165171.782879474	2	0	1958
75	23.97	114761.413005949	8	0	5013
50	37.68	155214.926031046	3	0	2212
24	5.12	23548.5704293475	21	1	5461
63	25.47	130278.47944831	6	0	3716
48	14.99	38915.6343432609	23	0	3612
47	25.55	81625.4115056974	16	0	4112
27	1.79	19950.8363419396	21	1	4709
73	12.59	84943.319477482	2	0	4150
62	26.48	39223.9603829104	21	1	6542
54	38.61	71357.2509295636	13	1	9299
24	22.39	141787.831078834	24	0	566
23	19.75	41387.3856209757	7	0	6301
59	30.67	75630.6842695674	20	0	2058
41	26.55	159124.067196267	25	0	792
52	16.95	52463.4929152831	9	0	5522
54	5.62	42817.4616307963	22	0	3489
19	27.36	130926.725526704	22	1	4357
29	28.8	44845.4436085653	21	0	3095
37	31.3	100658.887989254	16	0	3154
21	35.81	63722.3705039141	0	0	1501
59	26.95	99615.9833110898	6	0	4368
24	30.16	182407.923656004	14	0	2615
32	36.07	198108.1274635	12	0	2627
53	25.46	70274.9504821381	15	0	4136
66	15.37	87549.0768682788	9	0	5455
51	32.03	185528.59695915	9	0	3018
43	12.46	61641.8397935783	12	0	5861
44	10.12	49404.1594890144	20	0	3309
18	16.82	86170.5150396872	19	1	5338
71	27.65	145326.782119933	4	0	3367
66	34.08	191088.991707168	14	0	1839
68	15.03	32868.4168386264	11	0	5922
22	21	87476.9128786284	25	1	3944
36	29.54	183689.015220116	14	0	2492
42	33.97	64922.1606755309	25	0	1862
38	17.45	48399.5827305713	10	1	8898
47	5.39	41535.1917293365	19	0	4809
75	29.78	108470.132297324	3	0	2844
53	7.32	28166.6366737545	23	0	3560
39	2.05	25516.2069763508	23	0	4270
53	29.38	62894.2503019166	15	0	4720
28	9.95	60534.9533304645	11	0	5384
36	14.64	49261.3074269099	4	0	5260
64	39.31	70944.472802986	10	0	5474
59	33.36	154429.330247047	6	1	7976
62	11.45	24857.8824388707	16	0	5557
74	4.17	22338.2249564424	13	0	6719
42	5.27	25656.4721963424	3	1	5979
70	28.35	162168.277038957	0	0	324
36	6.36	29905.3039796581	10	1	8318
41	20.38	74562.8276545403	7	0	5244
53	38.86	132572.467211536	13	0	3193
27	18.21	38817.8813675369	11	0	5761
24	12.36	47814.0784554288	23	0	3507
21	16.58	94359.779219341	17	0	4053
58	8.86	52344.9469865649	3	1	5894
25	12.1	70373.8519008999	13	0	4747
38	26.87	102508.749252108	19	0	2737
38	26	83313.9138114639	14	0	4257
45	7.67	46217.5253314772	24	0	2797
38	39.11	158019.781674702	22	0	557
55	1.79	16674.7683917076	21	1	4308
70	19.73	49080.0151601018	0	1	4595
74	12.12	74751.2896996026	1	0	3301
69	38.82	215258.425789963	23	0	-591
35	23.85	111248.040899527	14	0	3451
24	14.08	35078.0886149779	2	1	6250
22	39.74	218753.398351339	19	0	-537
56	38.27	160460.204162497	24	0	-288
57	13.82	63053.1887040986	20	0	3144
47	8.18	42909.0218377602	1	0	4260
74	9.65	42244.880781573	17	0	4596
55	32.36	202511.796367109	18	0	1364
40	32.71	86108.8644139652	9	1	8638
31	35.11	131985.076401604	22	0	629
55	11.4	65356.1591659556	5	0	5428
54	9.27	63002.0358315823	24	0	3180
26	39.58	159070.19318182	25	0	199
69	17.14	78482.2150508617	25	0	2288
50	33.13	166765.048196242	17	0	1881
26	22.91	83585.41440047	9	0	4824
51	1.05	19028.277058118	12	0	6925
50	4.19	41004.5436368682	23	0	2960
43	39.65	181559.206987816	24	0	-580
64	14.49	52467.4164067753	17	1	6980
73	13.19	79989.3380913278	24	0	2266
43	10.72	30974.8325655563	18	0	4972
67	20.76	111988.411824944	0	0	1692
54	2.24	39665.3145693056	20	0	4218
46	36.39	87307.3947362296	3	0	3853
25	25.05	102280.796919284	2	0	2393
33	13.24	84113.9402055694	6	0	5279
65	27.4	53093.6491258151	1	0	3063
72	11.76	62172.3424360249	15	1	6990
51	13.99	45606.3349851547	13	1	7319
32	20.08	137178.530835328	21	0	1894
39	34.49	137623.513336527	13	0	3822
71	23.15	72699.2959091876	0	0	1913
57	19.49	67069.6419418525	10	0	5786
47	26.44	53744.0429815813	25	0	1880
54	6.28	31404.6692787169	14	0	5518
26	14.36	45501.5159856307	11	0	6249
39	14.85	51408.7259707841	24	0	2436
24	16.67	55782.9754334182	5	0	5809
28	31.76	74369.5984941325	21	0	2830
41	16.35	44830.7609403084	22	1	5162
53	24.19	75690.4691840272	8	0	5714
70	15.73	41917.1770543387	6	0	6537
28	20.42	29023.9607071615	2	0	3890
70	14.82	49672.4128734839	5	1	7846
49	28.43	125788.264021868	1	0	1197
31	11.25	43524.1008017692	24	0	3197
66	32.67	66646.5068243275	21	0	2631
34	4.24	26201.6535033472	3	0	5841
36	35.27	136355.485506833	0	1	4354
28	14.24	85634.9373083096	7	0	5759
69	31.07	183861.536833516	16	0	1841
48	17.23	77301.8649517593	4	0	4231
73	29.83	150996.247695053	21	0	1227
75	31.88	92910.4376611032	21	0	2568
73	23.94	117175.093801782	22	1	4782
54	28.1	38773.0669245328	9	0	5804
23	30.86	113988.668567801	13	0	3625
71	8.8	46356.627518707	3	0	4472
24	8.5	47634.5952907577	5	0	6412
68	36.85	162143.775215681	15	0	1915
73	15.87	108993.272611419	0	0	1531
75	18.89	105775.013916554	17	1	6340
74	29.78	95390.1695693733	13	0	4924
39	7.11	35547.4091317199	11	1	7499
43	15.27	52977.3881851623	23	0	3051
48	6.98	44663.51353548	19	0	4197
43	32.5	70431.4064576465	1	0	2101
23	32.81	77112.1926812883	0	1	5322
74	3.31	24507.840646368	10	0	6517
40	6.34	19946.3873969304	21	0	3529
35	23.23	105806.979488798	18	0	2792
64	10.52	42849.4416812307	12	0	6107
51	26.97	151577.502526408	5	0	3965
64	10.36	31085.4672565276	20	1	5608
64	5.95	49970.8622848455	17	0	5103
72	17.85	32465.2836084104	24	0	3450
70	18.25	61412.3890673654	18	0	3428
38	4.39	35435.0585472665	5	1	7502
70	32.22	86342.2569989297	20	0	2723
38	23.13	106000.172253604	14	0	3948
48	24.76	122173.493299797	8	0	4560
60	13.32	62614.9737809331	15	0	5270
74	8.94	63214.0265810629	24	0	2640
21	32.43	207933.116766556	20	1	3738
29	16.59	53943.256902388	19	0	3380
25	32	58240.8324116841	3	0	3861
44	1.58	22463.1776530319	13	1	7423
64	19.94	43239.9495918473	16	0	4887
37	26.84	60522.8405749402	2	0	3940
43	10.29	27850.5914642225	24	1	4291
27	5.61	26584.4354093482	18	0	4657
22	21.57	108881.510686876	0	0	824
60	4.51	27372.91590473	8	0	6659
63	35.29	48361.6217486738	12	0	5649
75	1.29	17453.3674748638	20	0	5057
70	27.98	165679.097844324	2	1	5718
20	30.37	163115.252078254	22	0	92
25	28.8	141544.524141354	22	0	779
55	28.3	94648.2191209739	8	0	5482
65	25.71	60695.43751427	3	0	3865
68	31.87	194149.701323224	10	0	2673
37	11.99	35537.1477094429	17	0	4266
36	9.05	29106.2824899855	0	0	3279
74	23.4	119576.229832572	19	1	5142
36	4.55	26886.8730953152	5	0	5783
46	31.68	87701.4220051281	21	0	2345
36	1.08	18564.2150564678	0	0	3283
21	12.24	43400.0442937855	19	0	4161
63	39.76	212241.61072436	0	1	3671
48	13.82	58286.3578379207	3	0	4363
38	35.32	193490.570048739	0	1	3980
18	28.63	71148.9213735957	2	0	3187
25	14.55	40426.6375627776	7	1	8246
45	20.59	129517.236238342	9	0	4987
38	36.66	130109.069786925	21	0	1662
74	4.63	41026.2170870625	20	0	3539
24	10.52	38929.1127782827	11	0	5927
75	25.51	35157.3411260525	0	0	3057
34	15.08	91817.0799706795	16	0	4432
59	34.89	142741.150251063	6	1	8174
33	18.91	102981.659515104	4	0	4548
63	26.26	100727.13853596	17	1	6531
34	13.32	40804.6775608335	12	0	5828
48	18.85	49223.0615370441	19	0	4209
49	10.3	57213.4232495853	17	1	5625
74	5.15	34365.8034037944	2	0	4509
61	16.43	56853.9098096543	22	0	2813
18	35.1	199704.02165385	15	0	2008
25	8.24	39352.5972276391	20	0	3444
21	24.48	88274.6417012112	22	0	1626
55	37.74	153363.626922515	1	0	566
36	26.31	57519.1857580634	18	1	7473
37	33.93	162355.041782025	1	0	697
41	27.28	77866.32512121	8	0	5619
30	3.8	24945.6930911459	15	0	5838
55	32.93	118972.247035606	17	1	7515
44	26.67	167156.666898417	21	0	1383
33	27	99889.0724414377	5	0	4464
34	18.78	93009.3568994932	18	0	2961
71	36.79	85478.7348577939	14	0	3503
24	29.72	139959.623311657	25	0	851
33	9.34	64468.5517420602	2	0	4394
21	29.03	138447.19001624	13	0	4165
29	39.85	132246.87834387	18	0	1427
37	20.58	84109.4429889897	23	0	2241
39	13.13	80879.9275203576	6	0	5032
36	34.75	133541.293323826	24	0	1140
19	20	105613.913006382	19	0	2583
75	26.29	74305.2895989708	13	0	5095
73	34.64	51718.3392110956	25	0	2400
43	8.83	67057.6839605658	15	0	5363
54	27.91	163943.591710447	2	0	1524
19	23.19	78084.2513149662	22	0	2353
62	30.11	40925.5909802238	25	0	1712
31	2.68	42377.8035407141	25	0	3165
47	5.62	27609.0837551892	3	0	5514
48	25.81	141239.741905692	20	0	1430
67	12.14	41223.8198004593	24	1	5126
21	2.93	25076.2007686077	22	0	3598
41	1.57	16664.3712509237	24	0	4264
47	25.75	76013.5486613071	14	0	4352
47	6.04	48153.817755786	11	0	6761
40	22.53	130632.570257453	14	0	3859
45	11.53	74343.23686074	13	1	7214
35	7.26	30480.4214831581	24	0	2692
47	34.51	91023.7755923462	23	1	6543
63	30.87	180313.646810703	10	0	3144
66	35.25	167713.713466626	3	0	2217
46	5.34	22582.3104630556	13	0	5828
71	4.6	34849.5207833126	25	0	3206
47	20.99	116648.626432928	16	0	3857
51	28.67	47875.6133746324	14	1	8836
72	11.15	72280.744658687	3	1	5758
37	36.23	191016.07584648	25	0	-321
56	9.93	70403.7865576422	2	0	4319
27	38.57	146962.537687943	2	1	6400
27	4.93	29052.3357806838	18	0	5301
73	39.04	85408.9809668902	23	0	1561
53	15.11	96060.8097406832	17	0	3065
73	37.92	80038.6730458494	6	0	4316
53	7.77	55287.9928326875	13	0	5638
18	37.62	205958.553086239	17	1	5655
21	36.58	124291.442420961	7	0	3988
35	7.9	78123.1725985446	4	0	4562
64	12.95	63777.2046606202	17	0	3820
58	6.32	45091.0321956617	5	0	5757
52	28.62	62206.1736029206	15	0	4761
65	12.63	66688.377507549	23	0	2122
29	32.85	63099.7639889305	23	0	2614
32	4.64	29008.9221383352	15	0	5699
19	39.24	234441.876493873	6	0	1646
33	36.5	173475.600785125	12	0	3192
35	17.51	101379.69872328	11	0	4577
21	11.8	44611.1221671512	16	0	5234
58	27.23	129192.312261324	16	0	3131
51	12.92	65731.8026519334	4	1	6543
41	29.34	170507.312965607	5	1	6937
59	5.02	18511.4864273294	2	0	4860
27	1.77	14742.9951718208	16	1	6893
63	18.63	83719.5211426451	12	1	7088
53	34.99	92103.02546347	8	0	4254
20	26.56	44324.4790284894	24	0	2960
21	10.51	34726.8974703553	0	0	3308
61	38.92	117583.957873256	14	1	8839
30	26.74	111571.173515362	24	0	1500
19	17.43	110783.429997182	21	0	1822
20	32.87	136364.63307816	7	0	3433
56	38.99	118352.711832048	10	0	3707
44	29.68	58780.2380438335	0	1	6064
22	34.66	101284.202015403	8	0	4542
66	21.61	83406.1169882794	2	1	6695
54	32	166873.948568478	12	0	2621
38	16.79	50601.994816963	19	0	3307
33	28.68	110954.190016675	12	1	7673
24	31.99	60121.5961332311	18	0	3298
23	17.44	49333.1261852803	19	0	4272
22	29.87	164986.345648089	9	0	3302
55	10.73	69107.8889130492	10	0	5394
36	2.67	29257.2481695152	9	0	6952
48	37.67	164560.329755947	11	0	2854
42	20.76	128815.971733169	5	0	3788
62	31.82	158622.774730445	6	1	8021
36	39.28	65572.53493889	10	1	10523
19	4.77	28217.5570211871	5	1	7394
72	21.05	76049.6796441017	20	0	2548
58	27.14	108053.177618473	1	0	2382
41	18.53	97815.1479470791	14	0	4031
57	39.55	236968.155457999	0	1	3350
58	9.68	45696.1644801311	21	0	3757
51	39.32	93919.8906317842	5	0	3704
25	27.09	92537.1308972134	2	0	3085
70	36.47	141165.175388781	11	0	3678
65	28.08	90013.0831095832	17	0	3793
53	2.89	19777.0125919968	10	0	7325
23	30.36	134964.292774695	16	1	7154
40	39.69	114805.036661815	1	0	875
54	23.13	83228.3556705833	21	0	2260
50	20.66	97490.1011635963	18	0	3603
31	24.69	155262.586227696	10	0	4325
51	9.36	45869.9498041766	21	0	3274
59	8.29	34001.504533095	7	0	6001
51	22.95	116492.62436484	14	0	4043
26	30.46	176667.155179307	14	0	2973
27	17.01	102656.607296501	9	0	5218
62	29.78	44202.7023920504	6	0	5657
32	32.28	153476.18351519	20	0	1396
70	4.3	24943.3105404081	6	0	6987
39	9.92	41843.9788137376	6	0	5969
66	14.46	77742.4921633647	13	0	4891
18	1.58	23544.3589244981	17	0	5839
64	39.42	86314.3511456688	24	0	926
61	19.79	74796.2441101507	18	0	3639
28	7.49	49103.991704575	10	0	5932
56	16.32	98984.1990617383	6	1	6670
46	18.78	107697.426277633	25	0	797
46	4.56	32122.5167726283	6	0	6361
26	37.07	62250.3700853104	20	0	3076
50	36.02	159919.489528169	6	0	2718
32	11.53	64415.0013353783	8	1	7552
44	2.84	28694.7547671862	25	0	3486
62	23.92	64723.0536423717	19	0	3561
68	32.72	186783.405729413	7	0	3203
23	1.4	18175.7150259626	12	0	6427
33	15.38	92215.6403610093	5	0	5142
64	17.97	44813.8717434276	25	0	2427
25	22.07	68562.8493799272	21	0	2513
70	39.99	185614.867434667	10	0	3038
25	7.76	34792.5913072587	12	0	6695
40	17.22	48087.8504409251	17	0	4047
52	1.38	22091.8080426607	7	0	6858
45	25.89	83097.6758770537	25	0	2192
26	14.77	48973.536977247	4	0	5101
54	36.24	128854.283266766	19	1	6897
38	8.83	42892.4883217135	23	0	3218
50	15.8	97280.2537014475	20	0	2819
18	8	24507.2844806127	0	0	3095
55	3.61	33969.9618982765	25	0	3026
37	10.41	58952.0766137456	21	0	3703
36	37.5	135809.730238034	9	0	4262
35	20.54	115044.026624047	11	0	4100
43	29.68	113104.52305601	1	0	1374
53	37.22	196448.522678199	5	0	2771
38	11.5	61025.0844918482	21	0	3408
52	17.33	85818.7480294102	18	1	6392
20	8.16	30676.7797263945	24	0	3007
66	18.87	50977.4862432238	21	0	2988
51	26.93	75665.2217324285	15	0	4735
42	14.1	74691.5080193692	0	0	1768
44	38.12	198747.437130661	11	0	2369
45	19.11	52167.9357664959	1	0	3096
65	12.48	80189.194120802	17	0	4313
34	20.29	54790.4554391102	3	0	4583
72	10.76	38718.5202702973	16	0	5628
71	12.23	81939.0745134023	11	0	5100
32	31.88	146980.600162051	14	0	3417
23	2.41	25887.2138648818	11	0	7383
42	14.48	50586.6985272965	6	0	6235
42	18.32	82730.1504859748	6	0	5723
47	15.14	77947.5204420806	24	0	2742
39	6.91	47967.8467298203	6	0	5645
56	22.43	138189.075273825	3	1	5789
75	22.19	60065.6465019687	5	0	4935
69	33.96	185821.219274027	3	1	6283
37	6.94	40680.412155193	8	0	6687
41	8.94	22829.0970077022	17	0	4792
73	21.88	106437.655616145	4	0	3413
41	9.56	31908.2531101094	24	0	3130
33	29.38	149814.258970118	19	1	5155
48	13.36	57317.7355010994	18	0	3597
21	9.26	47454.1495181835	15	0	4871
69	6.4	20167.655608803	18	1	6093
21	8.8	21287.9405040992	18	0	4949
72	33.43	105915.539100789	22	0	1859
47	21.11	54336.7663778702	22	0	2318
34	30.98	149139.313135225	12	0	3372
61	31.72	155621.919947512	12	0	3962
50	27.68	58728.3203665912	12	0	5673
73	37.33	72336.8492856025	19	0	2504
39	31.18	61039.1349123174	20	1	6341
64	20.51	76427.318297131	24	0	1565
36	12.7	30958.6322425253	5	0	6591
44	2.72	33507.285919874	22	0	3368
56	12.42	76722.0261576452	14	0	4745
19	34.81	50213.0680738637	2	0	3481
20	8.85	72576.221482594	19	1	4908
37	29.5	179053.229834244	14	0	2797
72	5.37	37678.2927925384	8	0	6475
61	37.47	155843.841597758	21	0	853
62	21.73	115395.058848689	21	1	4288
46	9.39	61440.9458831715	20	0	3324
32	15.63	34840.8339526202	18	0	4613
35	3.53	34046.5141619457	9	0	6689
74	6.3	23018.3660029579	0	0	2892
40	34.86	154196.560612712	21	1	4822
73	18.67	68364.9642389748	10	0	5745
32	34.89	136349.218048005	10	0	4062
28	21.55	122396.097374319	9	1	6927
33	35.84	107943.514190111	0	0	993
52	7.27	41782.6444730436	3	0	5344
50	16.22	49202.2126843681	20	0	3328
60	22.82	108372.404430276	16	0	2944
36	23.86	107293.784930165	9	0	5252
46	31.54	155302.572499278	8	0	4184
28	32.49	148038.2997383	5	0	3174
26	26.01	36675.0461918206	6	1	8669
63	10.94	70783.5575542279	13	1	6574
55	14.52	100993.340954887	12	0	5015
20	15.34	62429.4757353491	14	0	4936
66	2.3	18891.6683029791	0	0	3644
50	20.87	79052.9366364153	0	1	4394
32	4.29	33727.348589981	15	0	5408
62	12.43	30398.4686115396	9	0	6426
65	28.53	174801.168084931	19	0	747
51	12.87	34760.5278173159	4	0	6153
