,age,performance,y
0,35.38,-0.32516258129064646,0
1,25.14,-0.7853926963481737,0
2,59.71,-9.699849924962482,0
3,57.04,1.2756378189094537,1
4,45.06,-4.947473736868434,0
5,57.79,-7.6088044022011,0
6,34.66,-9.799899949974987,0
7,41.91,-9.329664832416208,0
8,50.46,3.736868434217108,1
9,45.75,3.406703351675837,1
10,48.19,-5.647823911955978,0
11,56.45,-2.5862931465732872,0
12,23.25,8.849424712356178,0
13,44.26,-0.46523261630815504,0
14,33.32,1.4857428714357184,1
15,24.68,8.309154577288645,0
16,59.6,5.417708854427213,1
17,26.34,-4.057028514257128,0
18,36.34,2.1560780390195102,1
19,59.47,6.368184092046022,1
20,23.69,-1.1155577788894444,0
21,44.56,-0.19509754877438823,0
22,24.39,-4.1570785392696346,0
23,25.21,6.2081040520260125,0
24,29.51,0.9954977488744365,1
25,41.89,-4.08704352176088,0
26,41.2,0.945472736368183,1
27,26.05,3.7268634317158575,0
28,27.64,-4.4972486243121566,0
29,30.59,-1.2156078039019516,0
30,43.95,-5.487743871935968,0
31,41.97,2.916458229114557,1
32,59.37,-6.588294147073537,0
33,25.52,-2.8064032016008005,0
34,33.99,9.48974487243622,0
35,32.2,7.90895447723862,0
36,56.74,-4.137068534267134,0
37,44.64,7.558779389694848,0
38,41.78,1.8759379689844913,1
39,38.13,-4.267133566783392,0
40,41.53,6.3881940970485225,0
41,30.94,3.806903451725862,0
42,54.5,7.30865432716358,1
43,47.92,-0.9554777388694351,0
44,37.94,-0.17508754377188573,0
45,45.94,-7.428714357178589,0
46,30.77,6.6083041520760375,0
47,27.71,-3.6368184092046025,0
48,38.55,-8.009004502251125,0
49,31.64,-0.9254627313656822,0
50,24.91,6.528264132066031,0
51,59.43,-5.147573786893447,0
52,41.17,-9.139569784892446,0
53,58.15,10.0,1
54,36.01,4.087043521760879,0
55,44.1,-7.538769384692346,0
56,41.34,9.859929964982491,0
57,39.93,-6.15807903951976,0
58,53.55,-1.9459729864932473,0
59,22.37,2.876438219109554,0
60,45.63,-8.159079539769884,0
61,47.83,1.1255627813906948,1
62,21.68,-3.4267133566783397,0
63,24.7,4.307153576788394,0
64,30.42,4.907453726863432,0
65,52.39,9.079539769884942,1
66,35.33,1.3956978489244616,1
67,41.07,3.796898449224612,1
68,28.42,-0.12506253126563394,0
69,47.2,-8.349174587293646,0
70,31.49,-7.90895447723862,0
71,28.23,-4.437218609304653,0
72,35.31,9.779889944972485,0
73,50.63,6.928464232116056,1
74,25.65,-6.178089044522261,0
75,42.14,1.6058029014507245,1
76,58.11,0.33516758379189504,1
77,46.91,-3.626813406703352,0
78,31.78,8.069034517258629,0
79,45.69,6.138069034517258,0
80,36.07,7.688844422211105,0
81,52.69,-0.9054527263631815,0
82,46.53,1.6158079039519748,1
83,26.78,0.6953476738369186,1
84,25.73,-3.776888444222111,0
85,57.23,1.2856428214107058,1
86,44.12,4.107053526763382,1
87,20.86,-9.50975487743872,0
88,46.18,6.718359179589793,0
89,57.37,0.4352176088044022,1
90,44.05,4.517258629314657,1
91,36.15,-2.306153076538269,0
92,47.41,7.218609304652325,0
93,41.36,-2.0660330165082543,0
94,32.98,1.7658829414707355,1
95,48.95,7.788894447223612,0
96,57.9,8.159079539769884,1
97,33.11,4.23711855927964,0
98,32.14,8.449224612306153,0
99,49.94,-9.52976488244122,0
100,39.12,0.30515257628814396,1
101,24.56,6.898449224612307,0
102,38.76,9.699849924962482,0
103,57.73,5.847923961980991,1
104,34.33,2.6763381690845414,1
105,36.43,9.03951975987994,0
106,57.56,-3.316658329164582,0
107,19.22,-6.2081040520260125,0
108,36.59,3.1765882941470736,1
109,45.23,5.907953976988495,0
110,29.53,-4.427213606803402,0
111,42.5,-9.2096048024012,0
112,24.26,-2.236118059029515,0
113,40.02,-7.628814407203602,0
114,44.98,-3.0865432716358185,0
115,18.69,-2.6463231615807903,0
116,30.8,8.589294647323662,0
117,26.8,7.178589294647324,0
118,28.04,3.986993496748374,0
119,30.17,6.078039019509756,0
120,32.35,7.888944472236119,0
121,47.73,-9.21960980490245,0
122,22.45,-1.3856928464232112,0
123,25.98,-8.479239619809904,0
124,21.36,-6.298149074537269,0
125,21.13,-1.075537768884443,0
126,34.7,2.7463731865932957,1
127,18.59,2.726363181590795,0
128,34.2,-5.947973986993497,0
129,28.74,5.927963981990995,0
130,50.44,-8.069034517258629,0
131,26.36,5.797898949474737,0
132,59.22,-1.5157578789394694,0
133,24.14,8.469234617308654,0
134,56.03,6.358179089544773,1
135,51.24,4.447223611805903,1
136,44.01,-7.3786893446723365,0
137,24.49,-8.609304652326163,0
138,42.16,-2.456228114057029,0
139,28.9,8.049024512256128,0
140,42.79,7.3986993496748354,0
141,44.2,1.565782891445723,1
142,23.86,4.687343671835917,0
143,21.82,4.1870935467733865,0
144,28.09,5.1975987993996995,0
145,28.57,-9.459729864932466,0
146,41.57,-6.008004002001001,0
147,58.7,-6.578289144572286,0
148,49.87,3.2066033016508246,1
149,45.96,-9.449724862431216,0
150,45.33,7.348674337168585,0
151,21.78,0.7453726863431704,1
152,42.62,3.276638319159579,1
153,44.85,-8.049024512256128,0
154,39.6,-4.917458729364682,0
155,23.97,0.19509754877438645,1
156,29.41,-4.39719859929965,0
157,18.95,3.036518259129565,0
158,51.01,-0.2051025512756386,0
159,23.23,-5.187593796898449,0
160,40.67,-3.27663831915958,0
161,56.51,-9.249624812406203,0
162,52.98,2.306153076538269,1
163,57.5,5.487743871935967,1
164,28.97,9.739869934967484,0
165,57.46,4.037018509254628,1
166,59.89,-1.4657328664332177,0
167,21.09,-9.649824912456229,0
168,44.58,-5.907953976988495,0
169,30.61,-3.5667833916958482,0
170,28.46,-1.685842921460731,0
171,50.29,-8.959479739869934,0
172,59.66,2.116058029014507,1
173,44.45,-0.8954477238619312,0
174,30.33,-9.019509754877438,0
175,56.2,7.28864432216108,1
176,51.2,7.378689344672335,1
177,41.11,7.578789394697349,0
178,19.05,8.879439719859928,0
179,22.14,7.718859429714858,0
180,19.24,2.946473236618308,0
181,29.14,-9.19959979989995,0
182,40.29,3.7668834417208608,1
183,35.75,-1.875937968984493,0
184,26.3,-8.689344672336167,0
185,38.57,3.066533266633316,1
186,18.71,-6.778389194597299,0
187,39.77,-4.927463731865933,0
188,20.77,7.998999499749875,0
189,21.59,-8.07903951975988,0
190,43.53,-1.4557278639319655,0
191,46.45,7.018509254627315,1
192,26.26,1.505752876438219,1
193,43.25,-4.667333666833417,0
194,22.64,-7.018509254627314,0
195,46.39,-1.5457728864432223,0
196,45.0,1.9759879939969984,1
197,32.73,-8.579289644822412,0
198,41.64,7.508754377188595,0
199,36.99,7.078539269634817,0
200,41.38,-3.6068034017008506,0
201,33.48,-9.789894947473737,0
202,20.69,1.4657328664332159,0
203,27.81,-7.208604302151075,0
204,30.46,-1.255627813906953,0
205,31.36,-4.347173586793397,0
206,31.93,-8.429214607303653,0
207,18.65,-4.55727863931966,0
208,19.47,3.3666833416708357,0
209,42.98,4.607303651825912,0
210,59.33,5.357678839419709,1
211,39.98,6.088044022011005,0
212,49.77,-1.8159079539769891,0
213,38.19,5.6578289144572285,0
214,55.61,7.12856428214107,1
215,49.52,-3.2366183091545775,0
216,19.6,1.805902951475737,0
217,45.99,-3.9069534767383693,0
218,53.84,2.9064532266133067,1
219,39.72,2.0360180090045024,1
220,43.97,-2.276138069034517,0
221,41.66,7.678839419709856,0
222,55.25,8.679339669834917,1
223,20.58,-5.317658829414707,0
224,30.56,-8.849424712356178,0
225,54.56,8.429214607303653,1
226,32.04,2.7363681840920453,0
227,23.55,-2.0460230115057527,0
228,23.32,-3.8269134567283647,0
229,49.81,6.61830915457729,0
230,58.57,-4.457228614307153,0
231,28.27,7.828914457228613,0
232,45.36,0.4952476238119061,1
233,43.55,-0.855427713856928,0
234,57.88,-4.827413706853427,0
235,38.28,7.548774387193596,0
236,55.1,7.238619309654826,1
237,34.16,-0.6353176588294147,0
238,33.02,0.2751375687843911,1
239,29.66,0.6053026513256619,1
240,28.32,5.957978989494746,0
241,52.35,9.299649824912457,0
242,18.08,7.538769384692344,0
243,31.8,-7.398699349674837,0
244,28.93,-0.705352676338169,0
245,50.8,-5.177588794397199,0
246,56.55,4.667333666833416,1
247,37.52,-7.768884442221111,0
248,25.54,-3.066533266633317,0
249,21.97,6.118059029514757,0
250,22.03,5.467733866933466,0
251,48.26,-5.557778889444722,0
252,22.79,3.9369684842421204,0
253,21.3,9.86993496748374,0
254,57.27,-6.878439219609805,0
255,18.06,1.105552776388194,0
256,55.17,2.786393196598299,1
257,46.81,-4.71735867933967,0
258,26.97,-5.247623811905953,0
259,55.73,3.316658329164582,1
260,31.66,-6.288144072036018,0
261,53.74,-0.8054027013506762,0
262,44.52,-4.577288644322161,0
263,52.79,3.9669834917458733,1
264,21.32,-2.1660830415207606,0
265,22.43,6.068034017008504,0
266,39.05,8.249124562281139,0
267,23.06,6.098049024512257,0
268,50.21,-7.998999499749875,0
269,56.13,-9.66983491745873,0
270,56.72,-3.956978489244623,0
271,51.7,-8.509254627313657,0
272,45.84,-5.207603801900951,0
273,34.51,-6.888444222111056,0
274,47.75,-2.4362181090545274,0
275,41.41,-1.8459229614807402,0
276,54.66,8.149074537268636,1
277,44.33,9.519759879939969,0
278,23.11,-8.4192096048024,0
279,47.46,-9.729864932466233,0
280,40.54,-2.9864932466233123,0
281,44.54,4.127063531765883,1
282,48.86,3.676838419209604,1
283,24.74,9.659829914957477,0
284,40.75,2.0660330165082534,1
285,57.06,9.759879939969984,1
286,41.51,-3.1165582791395696,0
287,42.54,-5.137568784392196,0
288,19.7,8.459229614807402,0
289,33.27,4.487243621810904,0
290,37.96,-9.779889944972487,0
291,23.36,-4.967483741870936,0
292,38.63,-3.406703351675838,0
293,52.58,3.8469234617308654,1
294,55.13,-6.128064032016008,0
295,34.37,-8.989494747373687,0
296,49.24,-6.408204102051025,0
297,60.0,8.719359679839918,1
298,53.89,9.129564782391196,0
299,57.6,1.0555277638819405,1
300,45.31,6.568284142071036,0
301,43.86,5.787893946973487,0
302,53.07,-8.70935467733867,0
303,46.49,5.1375687843921956,0
304,20.63,-6.078039019509755,0
305,51.99,7.5287643821910955,1
306,30.69,0.5752876438219108,1
307,26.32,1.4257128564282144,1
308,41.05,1.2956478239119562,1
309,24.28,-0.5752876438219108,0
310,33.93,7.408704352176088,0
311,57.0,-9.049524762381191,0
312,19.89,-8.649324662331166,0
313,42.06,7.808904452226113,0
314,46.47,6.678339169584792,0
315,49.64,-1.8959479739869938,0
316,56.87,6.228114057028513,1
317,47.48,1.865932966483241,1
318,20.27,4.617308654327163,0
319,27.73,-0.7553776888444226,0
320,39.64,3.43671835917959,1
321,37.27,-9.889944972486242,0
322,26.4,-3.4567283641820916,0
323,27.01,-5.787893946973487,0
324,50.71,-9.539769884942471,0
325,48.4,-5.007503751875938,0
326,46.3,5.727863931965983,0
327,35.96,-3.096548274137069,0
328,58.09,-0.3351675837918968,0
329,48.28,9.9799899949975,0
330,39.96,8.26913456728364,0
331,55.36,-9.739869934967484,0
332,26.13,-1.8359179589794898,0
333,19.03,-9.429714857428714,0
334,36.78,6.418209104552275,0
335,58.59,-8.40920460230115,0
336,31.05,7.148574287143571,0
337,52.1,-0.045022511255627506,0
338,27.52,8.279139569784892,0
339,43.09,8.859429714857427,0
340,24.35,3.186593296648324,0
341,33.67,-6.528264132066033,0
342,39.09,-4.817408704352176,0
343,29.56,-5.51775887943972,0
344,25.1,6.108054027013505,0
345,54.71,-6.3681840920460235,0
346,34.09,-7.418709354677339,0
347,19.58,2.1860930465232613,0
348,42.58,3.6068034017008497,1
349,28.84,7.758879439719859,0
350,39.22,6.7883941970985475,0
351,37.9,-0.8654327163581801,0
352,45.44,-1.8659329664832427,0
353,40.15,-0.8354177088544272,0
354,31.4,9.01950975487744,0
355,38.04,-4.167083541770886,0
356,31.51,-0.5352676338169093,0
357,30.35,-6.138069034517258,0
358,36.85,4.377188594297149,0
359,51.85,-8.439219609804903,0
360,21.26,0.44522261130565255,1
361,56.81,-8.779389694847424,0
362,48.65,-1.6158079039519766,0
363,21.34,3.7568784392196086,0
364,49.75,6.028014007003502,1
365,36.32,-4.567283641820911,0
366,36.41,-6.098049024512257,0
367,31.01,-6.818409204602301,0
368,24.18,-1.3556778389194601,0
369,37.79,-1.5757878939469734,0
370,28.67,-0.14507253626813466,0
371,37.31,4.017008504252125,0
372,36.76,-1.0355177588794398,0
373,33.74,1.1355677838919451,1
374,31.61,5.547773886943471,0
375,37.22,0.855427713856928,1
376,25.75,-0.015007503751876428,0
377,42.18,-8.169084542271136,0
378,35.19,-0.2251125562781393,0
379,23.92,4.41720860430215,0
380,56.97,-1.6458229114557277,0
381,31.85,-1.2856428214107058,0
382,45.15,3.946973486743371,1
383,52.18,-7.738869434717358,0
384,21.15,-4.597298649324663,0
385,51.76,-6.9184592296148075,0
386,43.74,-7.498749374687344,0
387,35.71,-5.027513756878439,0
388,24.2,-7.75887943971986,0
389,48.05,-2.9064532266133067,0
390,49.73,-5.337668834417209,0
391,37.64,8.23911955977989,0
392,59.77,-6.268134067033516,0
393,22.77,-3.0465232616308153,0
394,24.47,-7.0685342671335665,0
395,21.0,1.225612806403202,1
396,46.74,-8.88944472236118,0
397,50.88,8.789394697348673,0
398,20.04,-1.0555277638819405,0
399,44.49,5.367683841920961,1
400,26.68,6.908454227113555,0
401,51.6,2.2761380690345163,1
402,31.34,-7.508754377188595,0
403,44.47,-5.35767883941971,0
404,39.81,4.207103551775887,0
405,26.15,-6.47823911955978,0
406,19.93,-9.959979989994997,0
407,41.13,-0.7953976988494258,0
408,37.08,5.827913956978488,0
409,48.82,7.478739369684842,1
410,18.86,-9.439719859929966,0
411,59.85,2.426213106553277,1
412,58.28,-3.6668334167083545,0
413,58.05,5.83791895947974,1
414,22.69,7.898949474737368,0
415,27.98,-0.41520760380190147,0
416,43.28,0.7553776888444226,1
417,45.42,-5.597798899449725,0
418,29.81,7.278639319659831,0
419,22.2,-9.389694847423712,0
420,58.36,-2.5962981490745376,0
421,21.89,2.4962481240620313,0
422,37.48,-7.148574287143572,0
423,18.4,-3.6968484242121065,0
424,19.81,1.165582791395698,1
425,54.98,5.51775887943972,1
426,42.23,-9.489744872436217,0
427,31.89,-7.948974487243621,0
428,18.46,-2.1060530265132567,0
429,56.37,7.878939469734867,1
430,54.58,6.19809904952476,1
431,31.87,-2.576288144072036,0
432,30.98,5.647823911955978,0
433,31.45,8.439219609804901,0
434,23.78,-5.67783891945973,0
435,33.25,-5.307653826913457,0
436,44.37,5.937968984492246,0
437,38.21,-4.737368684342171,0
438,56.58,6.808404202101052,1
439,22.1,-6.048024012006003,0
440,34.43,-8.829414707353678,0
441,44.22,-6.508254127063532,0
442,20.35,-6.748374187093547,0
443,18.61,-2.4962481240620313,0
444,54.92,-4.307153576788394,0
445,59.16,-2.2261130565282645,0
446,35.65,8.759379689844923,0
447,29.64,8.009004502251123,0
448,29.45,3.5067533766883443,0
449,52.77,-4.1270635317658835,0
450,44.68,-5.167583791895948,0
451,29.6,1.4757378689344662,1
452,40.33,5.067533766883441,0
453,38.09,-6.95847923961981,0
454,48.42,-9.469734867433717,0
455,30.44,8.079039519759878,0
456,36.49,-8.929464732366183,0
457,46.07,-7.388694347173587,0
458,24.93,5.6878439219609795,0
459,21.72,3.9969984992496244,0
460,20.44,-8.379189594797399,0
461,40.08,-5.577788894447224,0
462,20.08,5.557778889444721,0
463,54.41,7.8389194597298655,1
464,52.65,8.539269634817408,0
465,22.48,-0.4052026013006511,0
466,48.7,0.5452726363181579,1
467,48.74,-1.4457228614307152,0
468,34.18,2.5262631315657824,1
469,34.47,-0.5552776388194101,0
470,29.91,-2.366183091545773,0
471,53.32,-2.696348174087044,0
472,35.4,-5.097548774387194,0
473,59.31,-9.269634817408704,0
474,37.77,-1.8059029514757388,0
475,28.99,-2.4662331165582794,0
476,30.02,5.807903951975987,0
477,54.73,3.1965982991495743,1
478,19.01,7.818909454727365,0
479,45.48,-3.9469734867433717,0
480,24.62,-4.007003501750876,0
481,30.65,-6.928464232116058,0
482,24.83,-2.3161580790395195,0
483,51.39,0.5052526263131565,1
484,32.12,9.66983491745873,0
485,25.04,6.338169084542269,0
486,57.67,7.518759379689843,1
487,39.41,8.319159579789893,0
488,34.98,-3.616808404202101,0
489,28.4,0.795397698849424,1
490,24.51,-5.83791895947974,0
491,27.41,-6.9484742371185595,0
492,37.39,-5.887943971985993,0
493,48.32,-8.209104552276138,0
494,47.39,-1.9159579789894945,0
495,21.21,0.2551275637818904,1
496,21.66,-9.289644822411205,0
497,27.2,4.467233616808404,0
498,37.62,8.55927963981991,0
499,28.48,-9.119559779889945,0
500,48.8,-8.3991995997999,0
501,49.6,-2.546273136568284,0
502,46.7,0.8054027013506744,1
503,59.92,6.598299149574785,1
504,48.3,-9.869934967483742,0
505,43.42,-3.2666333166583295,0
506,55.48,8.86943471735868,0
507,49.58,6.32816408204102,1
508,35.08,-4.467233616808405,0
509,32.48,-8.109054527263632,0
510,57.98,4.4272136068034005,1
511,48.51,-3.9369684842421213,0
512,32.22,-7.3486743371685845,0
513,35.67,-4.257128564282141,0
514,32.16,-9.349674837418709,0
515,46.36,2.486243121560779,1
516,26.38,6.408204102051027,0
517,51.74,-6.558279139569785,0
518,23.27,8.699349674837418,0
519,59.5,-4.587293646823412,0
520,29.93,-7.12856428214107,0
521,58.99,-5.547773886943472,0
522,54.54,-5.807903951975988,0
523,39.58,-5.747873936968484,0
524,23.61,-7.0085042521260625,0
525,55.46,4.167083541770886,1
526,35.29,9.259629814907452,0
527,33.13,-7.688844422211106,0
528,32.88,0.5152576288144068,1
529,55.92,-2.516258129064532,0
530,20.42,-3.4767383691845923,0
531,33.86,9.19959979989995,0
532,20.31,-3.306653326663332,0
533,25.37,3.346673336668333,0
534,36.74,8.339169584792394,0
535,29.72,-3.126563281640821,0
536,20.48,-3.8769384692346174,0
537,47.81,-4.337168584292146,0
538,45.17,-2.336168084042021,0
539,18.8,-5.447723861930966,0
540,45.88,-8.589294647323662,0
541,48.59,8.3991995997999,0
542,40.36,7.138569284642319,0
543,25.88,6.6983491745872925,0
544,39.91,6.858429214607302,0
545,21.45,1.1855927963981987,1
546,43.72,-7.558779389694847,0
547,28.06,2.4662331165582785,1
548,40.46,-6.898449224612307,0
549,45.19,-1.7258629314657323,0
550,31.55,5.677838919459729,0
551,39.56,7.208604302151073,0
552,45.04,6.218109054527265,0
553,19.97,-2.706353176588294,0
554,54.77,1.315657828914457,1
555,52.42,-2.486243121560781,0
556,59.14,-9.399699849924962,0
557,36.7,-7.028514257128564,0
558,37.16,-5.957978989494747,0
559,55.42,4.197098549274637,1
560,43.38,0.005002501250624292,1
561,24.87,-9.339669834917459,0
562,20.79,3.226613306653327,0
563,42.44,-6.418209104552276,0
564,26.95,5.077538769384692,0
565,23.13,-8.139069534767383,0
566,34.79,-8.23911955977989,0
567,58.19,5.457728864432216,1
568,47.31,8.359179589794898,0
569,35.56,-5.5077538769384695,0
570,58.87,2.206103051525762,1
571,57.29,-0.6253126563281644,0
572,40.65,-8.019009504752376,0
573,50.84,3.0765382691345664,1
574,28.02,9.959979989994999,0
575,26.53,6.868434217108554,0
576,22.01,-6.5482741370685345,0
577,28.53,0.9654827413706855,1
578,56.66,-3.466733366683342,0
579,33.95,-4.757378689344672,0
580,57.69,-2.5262631315657833,0
581,35.04,3.866933466733366,0
582,47.06,2.63631815907954,1
583,23.67,-0.6453226613306651,0
584,23.65,2.456228114057028,0
585,35.02,4.2471235617808905,0
586,53.86,9.39969984992496,0
587,39.07,7.0085042521260625,0
588,52.31,6.398199099549775,1
589,33.19,-1.505752876438219,0
590,57.94,1.2656328164082034,1
591,58.45,-7.248624312156078,0
592,19.74,-5.727863931965983,0
593,57.44,-6.9784892446223115,0
594,40.86,-3.8169084542271134,0
595,42.9,6.038019009504751,0
596,24.24,4.707353676838419,0
597,43.0,9.879939969984992,0
598,18.25,3.006503251625812,0
599,21.24,1.4357178589294648,0
600,23.95,5.497748874437217,0
601,50.73,-7.788894447223612,0
602,22.98,6.008004002001002,0
603,30.73,-7.448724362181091,0
604,55.06,-9.369684842421211,0
605,38.86,0.28514257128564324,1
606,58.38,0.8954477238619312,1
607,34.41,-0.6053026513256636,0
608,24.11,-2.6163081540770383,0
609,57.08,-7.088544272136068,0
610,40.69,1.255627813906953,1
611,38.59,-0.6953476738369186,0
612,29.89,3.586793396698349,0
613,51.49,6.5182591295647825,0
614,58.78,-3.5167583791895947,0
615,56.95,0.9154577288644319,1
616,54.05,0.23511755877938967,1
617,23.71,0.5252626313156572,1
618,51.13,0.06503251625812823,1
619,20.02,-6.668334167083541,0
620,58.42,0.7353676838419201,1
621,53.93,-2.206103051525763,0
622,19.41,-5.607803901950976,0
623,35.35,9.269634817408704,0
624,28.51,1.3756878439219609,1
625,59.68,3.376688344172086,1
626,33.59,-0.21510755377688895,0
627,28.13,-9.299649824912457,0
628,55.34,-1.105552776388194,0
629,42.77,-5.437718859429715,0
630,25.84,5.99799899949975,0
631,44.79,3.9069534767383693,1
632,47.6,-3.0265132566283146,0
633,54.08,4.457228614307153,1
634,32.54,9.119559779889943,0
635,47.1,6.9184592296148075,0
636,49.89,1.775887943971986,1
637,40.52,-2.916458229114557,0
638,59.81,-2.846423211605803,0
639,58.74,1.2056028014006994,1
640,39.45,7.198599299649825,0
641,43.59,-0.4952476238119061,0
642,43.02,0.8454227113556776,1
643,44.03,7.608804402201098,0
644,47.67,-0.2651325662831425,0
645,47.86,-3.9969984992496252,0
646,23.29,-3.556778389194598,0
647,30.88,3.826913456728363,0
648,21.4,-0.7453726863431722,0
649,41.7,2.476238119059529,1
650,47.98,-0.42521260630315183,0
651,39.33,0.03501750875437715,1
652,49.79,-4.727363681840921,0
653,26.22,9.629814907453728,0
654,41.45,-9.629814907453726,0
655,42.83,6.4282141070535275,0
656,55.97,8.139069534767383,1
657,59.08,-5.03751875937969,0
658,20.1,2.296148074037019,0
659,39.79,-7.8989494747373685,0
660,44.6,0.5852926463231611,1
661,37.2,-8.179089544772387,0
662,27.92,-8.339169584792396,0
663,46.85,-7.318659329664833,0
664,23.44,3.956978489244621,0
665,40.94,-1.2356178089044523,0
666,21.38,7.9289644822411205,0
667,59.75,7.028514257128563,1
668,52.5,-4.117058529264632,0
669,32.01,1.7358679339669827,1
670,45.78,7.968984492246122,0
671,37.92,8.609304652326163,0
672,34.3,3.216608304152075,0
673,37.58,2.5362681340670328,1
674,35.1,-1.7058529264632316,0
675,56.64,-1.9259629814907449,0
676,56.39,-7.268634317158579,0
677,36.24,3.5767883941970986,0
678,35.42,-1.6358179089544773,0
679,47.08,-9.899949974987495,0
680,21.47,-3.986993496748374,0
681,53.78,-7.578789394697349,0
682,33.38,-1.8559279639819906,0
683,27.39,1.5257628814407198,1
684,56.05,-1.5557778889444727,0
685,22.66,-8.459229614807404,0
686,23.9,1.1455727863931955,1
687,42.39,-9.949974987493746,0
688,52.29,-1.2056028014007012,0
689,42.65,-9.83991995997999,0
690,22.35,0.9054527263631815,1
691,51.47,-5.587793896948474,0
692,40.44,-8.749374687343671,0
693,38.8,-4.2171085542771385,0
694,43.34,-0.8154077038519265,0
695,48.57,3.6668334167083536,1
696,56.93,8.919459729864933,0
697,45.92,-9.819909954977488,0
698,39.24,-7.808904452226113,0
699,31.76,-2.4762381190595297,0
700,35.86,0.045022511255627506,1
701,27.06,4.767383691845923,0
702,58.34,9.429714857428714,1
703,59.29,8.73936968484242,1
704,27.03,6.708354177088545,0
705,41.93,-8.279139569784892,0
706,23.02,5.757878939469734,0
707,33.84,2.7163581790895446,0
708,55.27,-9.059529764882441,0
709,45.65,1.8559279639819906,1
710,56.01,-3.836918459229615,0
711,57.18,-0.07503751875938036,0
712,25.06,-9.409704852426213,0
713,35.61,3.156578289144571,1
714,18.74,-4.857428714357178,0
715,51.32,-2.2561280640320165,0
716,23.19,6.988494247123562,0
717,51.66,-5.66783391695848,0
718,28.76,-0.5952976488244133,0
719,18.13,3.5667833916958482,0
720,36.22,-3.9169584792396197,0
721,26.61,-3.5467733866933466,0
722,51.09,-0.39519759879940075,0
723,25.08,-6.658329164582291,0
724,43.32,7.7988994497248605,0
725,29.24,5.177588794397199,0
726,18.29,1.9559779889944977,0
727,18.9,-8.969484742371186,0
728,56.85,-3.0765382691345673,0
729,29.11,-7.568784392196099,0
730,20.84,2.6863431715857917,0
731,46.11,-1.535767883941972,0
732,47.12,-8.289144572286144,0
733,21.55,-3.526763381690846,0
734,27.87,7.768884442221111,0
735,21.11,-3.5967983991996,0
736,31.95,1.0355177588794398,1
737,40.92,-4.2471235617808905,0
738,18.57,-5.087543771885943,0
739,43.4,-6.968484242121061,0
740,53.99,1.6658329164582284,1
741,57.33,-3.1765882941470736,0
742,27.35,-9.17958979489745,0
743,46.34,-1.8859429714857434,0
744,25.94,5.7478739369684835,0
745,40.73,8.169084542271136,0
746,33.57,-2.426213106553277,0
747,50.23,-9.969984992496249,0
748,18.38,-6.028014007003502,0
749,34.54,8.839419709854926,0
750,53.72,3.256628314157078,1
751,29.49,3.716858429214607,0
752,32.43,9.369684842421211,0
753,59.52,-3.7268634317158584,0
754,35.25,2.266133066533266,1
755,37.69,-3.4867433716858427,0
756,31.3,5.20760380190095,0
757,43.99,5.707853926963482,0
758,42.69,-0.03501750875437715,0
759,29.35,4.877438719359679,0
760,52.04,9.029514757378688,0
761,57.42,-7.938969484742371,0
762,47.25,-0.6653326663331676,0
763,48.13,-9.769884942471236,0
764,47.02,5.267633816908454,1
765,57.77,-5.127563781890945,0
766,53.11,8.129064532266131,1
767,29.87,4.567283641820911,0
768,48.15,-2.266133066533267,0
769,19.09,9.21960980490245,0
770,32.81,7.038519259629815,0
771,49.56,-1.0055027513756887,0
772,18.82,2.0460230115057527,0
773,31.26,-8.619309654827413,0
774,53.13,2.9864932466233114,1
775,28.44,-4.0970485242621315,0
776,30.04,-2.6863431715857935,0
777,48.34,3.2866433216608293,1
778,39.2,4.057028514257128,0
779,26.51,5.017508754377188,0
780,25.92,2.026013006503252,0
781,33.4,6.768384192096047,0
782,34.85,-0.8454227113556776,0
783,23.38,-2.7863931965982998,0
784,22.56,8.379189594797399,0
785,43.61,8.59929964982491,0
786,38.34,-7.478739369684842,0
787,21.61,-7.668834417208604,0
788,34.24,-6.498249124562282,0
789,59.98,2.1060530265132567,1
790,35.52,-4.107053526763382,0
791,44.94,8.349174587293646,0
792,44.66,5.03751875937969,0
793,34.28,-1.2756378189094555,0
794,33.0,-1.3256628314157073,0
795,51.15,9.609804902451224,0
796,25.5,-5.68784392196098,0
797,53.05,-9.849924962481241,0
798,43.82,6.168084042021011,0
799,52.23,1.685842921460731,1
800,19.85,1.9459729864932456,0
801,30.06,-5.99799899949975,0
802,33.53,0.46523261630815327,1
803,33.3,8.769384692346172,0
804,56.6,-2.296148074037019,0
805,49.12,6.778389194597299,0
806,59.12,0.21510755377688895,1
807,33.82,7.068534267133565,0
808,48.55,3.5967983991995993,1
809,19.79,-8.549274637318659,0
810,22.73,9.789894947473737,0
811,27.9,1.8159079539769873,1
812,51.62,4.387193596798399,1
813,43.46,1.1155577788894444,1
814,32.5,4.597298649324662,0
815,43.21,-3.5067533766883443,0
816,30.4,-3.006503251625813,0
817,22.39,8.029014507253628,0
818,24.66,4.757378689344671,0
819,55.8,4.027013506753375,1
820,23.8,-8.309154577288645,0
821,27.77,0.26513256628314075,1
822,35.23,-9.719859929964983,0
823,59.56,-1.8259129564782395,0
824,28.86,-6.688344172086043,0
825,53.65,-6.848424212106053,0
826,53.3,8.179089544772385,1
827,25.29,-2.5662831415707856,0
828,29.32,-4.907453726863432,0
829,39.18,-8.199099549774887,0
830,50.27,-1.5857928964482237,0
831,27.69,-7.038519259629815,0
832,51.41,8.949474737368682,0
833,41.95,-1.1455727863931973,0
834,23.84,-6.398199099549775,0
835,55.84,-7.618809404702351,0
836,22.12,9.449724862431214,0
837,37.01,2.8664332166083035,1
838,57.35,-8.87943971985993,0
839,34.75,-5.1975987993997,0
840,21.28,-4.037018509254628,0
841,30.27,9.169584792396197,0
842,49.05,1.005502751375687,1
843,21.05,4.777388694347174,0
844,28.17,-3.216608304152076,0
845,32.92,0.705352676338169,1
846,45.8,4.477238619309654,1
847,29.43,-2.216108054027014,0
848,39.83,1.0855427713856933,1
849,28.34,-4.357178589294647,0
850,27.18,-0.9154577288644319,0
851,51.05,-4.697348674337169,0
852,45.67,-9.029514757378688,0
853,32.69,-5.9379689844922465,0
854,50.34,-6.648324162081041,0
855,40.48,7.938969484742369,0
856,23.08,0.6553276638319154,1
857,28.95,1.655827913956978,1
858,42.29,3.496748374187094,1
859,49.85,4.587293646823412,1
860,25.4,-1.475737868934468,0
861,52.92,8.629314657328663,0
862,36.87,-1.7858929464732363,0
863,40.27,-3.5367683841920963,0
864,41.01,8.659329664832416,0
865,20.06,-0.7353676838419219,0
866,18.44,-8.669334667333667,0
867,29.01,7.77888944472236,0
868,19.32,-3.746873436718359,0
869,58.51,7.388694347173587,1
870,30.75,-5.497748874437219,0
871,39.62,7.6188094047023505,0
872,46.62,2.1660830415207606,1
873,57.21,-9.619809904952476,0
874,45.9,-3.3666833416708357,0
875,31.53,4.657328664332166,0
876,18.04,6.188094047023512,0
877,18.11,-3.496748374187094,0
878,25.77,8.829414707353678,0
879,21.87,8.509254627313656,0
880,57.58,-0.6553276638319154,0
881,23.15,4.72736368184092,0
882,18.78,-1.1955977988994508,0
883,39.85,-2.976488244122061,0
884,21.84,7.498749374687343,0
885,51.87,-8.359179589794898,0
886,56.47,7.10855427713857,1
887,41.83,9.239619809904951,0
888,38.88,8.749374687343671,0
889,20.46,0.8854427213606808,1
890,58.89,-5.157578789394697,0
891,19.07,1.9259629814907449,0
892,34.45,4.527263631815908,0
893,41.26,0.16508254127063537,1
894,22.33,-6.4882441220610305,0
895,20.4,7.088544272136069,0
896,40.59,-4.87743871935968,0
897,43.13,5.347673836918458,0
898,56.89,-8.899449724862432,0
899,28.19,1.595797898949474,1
900,41.15,-9.099549774887445,0
901,43.84,9.059529764882441,0
902,54.01,0.395197598799399,1
903,43.36,-8.569284642321161,0
904,50.76,0.09504752376188108,1
905,50.61,7.848924462231114,0
906,58.53,6.158079039519759,1
907,38.74,1.9959979989994991,1
908,33.06,-5.0475237618809405,0
909,48.99,-0.9354677338669344,0
910,20.73,-5.877938969484743,0
911,53.26,-1.7658829414707355,0
912,51.18,0.48524262131065576,1
913,19.45,-8.639319659829916,0
914,34.62,-2.9364682341170587,0
915,53.19,-5.827913956978489,0
916,54.31,-0.16508254127063537,0
917,30.0,-5.897948974487243,0
918,59.39,0.6653326663331658,1
919,29.26,3.8169084542271126,0
920,34.64,7.43871935967984,0
921,36.89,-2.6263131565782896,0
922,32.75,-9.259629814907454,0
923,23.82,-9.279639819909955,0
924,42.1,-4.537268634317159,0
925,18.02,-1.315657828914457,0
926,34.68,-2.2461230615307652,0
927,54.18,9.229614807403703,1
928,38.17,8.70935467733867,0
929,50.25,-8.319159579789895,0
930,38.95,-1.715857928964482,0
931,18.92,-6.358179089544772,0
932,48.93,6.17808904452226,0
933,22.71,-5.417708854427214,0
934,33.36,-7.058529264632316,0
935,39.16,-3.7968984492246127,0
936,43.63,-2.2861430715357685,0
937,22.27,4.437218609304653,0
938,43.17,4.837418709354678,1
939,37.25,9.569784892446222,0
940,25.82,-3.3566783391695854,0
941,59.73,0.35517758879439754,1
942,45.4,2.1960980490245117,1
943,59.64,-6.938469234617308,0
944,23.53,-4.07703851925963,0
945,53.68,-2.7163581790895446,0
946,53.47,-1.9959979989994991,0
947,18.55,-8.229114557278638,0
948,52.75,0.9854927463731862,1
949,53.49,-4.747373686843422,0
950,45.54,6.958479239619809,0
951,28.69,5.857928964482241,0
952,24.45,3.0165082541270625,0
953,28.11,4.177088544272136,0
954,28.78,-7.158579289644822,0
955,39.43,-5.4777388694347176,0
956,22.16,-7.43871935967984,0
957,30.67,-7.638819409704853,0
958,30.21,-1.6958479239619813,0
959,39.51,5.147573786893446,0
960,48.23,-1.625812906453227,0
961,48.89,3.1465732866433207,1
962,54.52,6.838419209604801,1
963,43.57,-3.736868434217109,0
964,55.57,6.8284142071035525,1
965,58.68,1.3356678339169576,1
966,49.91,1.745872936468233,1
967,20.19,-3.376688344172086,0
968,38.51,1.8959479739869938,1
969,19.3,3.336668334167083,0
970,54.94,-5.707853926963482,0
971,55.99,6.538269134567283,1
972,29.28,9.279639819909953,0
973,52.06,-7.488744372186093,0
974,35.63,0.7253626813406697,1
975,34.22,5.667833916958479,0
976,31.07,2.076038019009504,1
977,26.19,-0.3151575787893943,0
978,39.49,-0.055027513756877866,0
979,38.42,1.5457728864432205,1
980,50.92,-8.469234617308654,0
981,36.68,-6.388194097048524,0
982,20.67,-9.589794897448725,0
983,49.98,6.01800900450225,1
984,34.81,5.917958979489745,0
985,54.33,-3.246623311655828,0
986,50.13,8.88944472236118,0
987,28.8,9.419709854927465,0
988,19.39,9.459729864932466,0
989,23.42,2.5862931465732864,0
990,36.3,8.199099549774886,0
991,42.96,7.868934467233615,0
992,26.47,-2.056028014007004,0
993,19.34,-4.847423711855928,0
994,37.71,8.08904452226113,0
995,56.43,-7.228614307153577,0
996,30.96,8.809404702351173,0
997,32.85,7.988994497248623,0
998,52.25,5.617808904452225,1
999,54.68,-1.1855927963981987,0
1000,49.39,8.4192096048024,0
1001,50.57,1.6958479239619813,1
1002,48.97,-0.9954977488744383,0
1003,41.62,4.847423711855928,0
1004,49.16,5.447723861930966,0
1005,39.47,9.35967983991996,0
1006,41.74,7.248624312156078,0
1007,32.18,9.919959979989994,0
1008,38.36,9.189594797398698,0
1009,58.84,-6.31815907953977,0
1010,59.35,3.486743371685842,1
1011,40.04,-5.257628814407203,0
1012,58.72,3.92696348174087,1
1013,40.21,4.817408704352175,0
1014,49.41,3.5467733866933457,1
1015,37.41,6.848424212106053,0
1016,50.78,-0.3651825912956479,0
1017,55.15,6.468234117058529,1
1018,43.49,0.615307653826914,1
1019,36.83,-5.057528764382191,0
1020,41.85,5.117558779389695,0
1021,50.97,-3.656828414207104,0
1022,46.6,-2.396198099049525,0
1023,35.0,-5.777888944472236,0
1024,23.99,9.52976488244122,0
1025,57.63,-7.10855427713857,0
1026,45.59,-1.4357178589294648,0
1027,56.22,-3.926963481740871,0
1028,46.15,2.3461730865432706,1
1029,47.79,-8.499249624812407,0
1030,36.72,-6.378189094547274,0
1031,57.86,9.04952476238119,1
1032,27.83,-8.789394697348675,0
1033,38.23,-8.999499749874937,0
1034,45.12,7.948974487243621,0
1035,39.7,-7.968984492246124,0
1036,53.57,-3.166583291645823,0
1037,38.97,1.9059529764882441,1
1038,35.9,-1.775887943971986,0
1039,24.98,8.819409704852426,0
1040,57.84,-0.5052526263131565,0
1041,35.73,-1.4857428714357184,0
1042,32.25,1.8359179589794898,1
1043,42.88,-7.658829414707354,0
1044,24.85,5.257628814407203,0
1045,52.84,6.878439219609806,1
1046,31.59,-9.859929964982491,0
1047,31.82,6.258129064532266,0
1048,30.48,8.409204602301148,0
1049,18.27,-0.8254127063531769,0
1050,43.07,-6.30815407703852,0
1051,32.71,7.628814407203603,0
1052,22.83,8.329164582291146,0
1053,58.26,2.6163081540770374,1
1054,39.01,-3.43671835917959,0
1055,42.12,-7.078539269634817,0
1056,40.8,2.4462231115557778,1
1057,34.35,9.649824912456229,0
1058,48.38,-2.6563281640820415,0
1059,32.96,3.896948474237119,0
1060,31.57,-7.458729364682341,0
1061,19.49,1.4457228614307152,0
1062,55.5,-7.868934467233617,0
1063,42.67,-8.909454727363682,0
1064,35.12,-6.248124062031016,0
1065,46.13,8.499249624812407,0
1066,39.66,6.288144072036019,0
1067,52.48,8.289144572286144,0
1068,25.9,-1.7558779389694852,0
1069,52.86,-6.998499249624812,0
1070,59.54,-6.118059029514757,0
1071,29.07,2.8864432216108042,0
1072,35.17,2.9964982491245618,1
1073,51.03,2.856428214107053,1
1074,30.5,1.8259129564782395,1
1075,44.14,2.4362181090545274,1
1076,44.91,-3.866933466733367,0
1077,22.85,-1.595797898949474,0
1078,25.48,-6.068034017008504,0
1079,40.57,-3.706853426713357,0
1080,20.82,5.237618809404703,0
1081,54.62,-8.029014507253628,0
1082,20.75,-5.847923961980991,0
1083,54.12,1.7858929464732363,1
1084,51.81,-3.28664332166083,0
1085,32.62,-3.4167083541770884,0
1086,46.43,1.1755877938969483,1
1087,42.56,-5.617808904452226,0
1088,57.96,5.5077538769384695,1
1089,52.12,0.7853926963481737,1
1090,34.83,5.877938969484742,0
1091,35.06,1.195597798899449,1
1092,59.62,-9.549774887443721,0
1093,34.01,-10.0,0
1094,35.77,8.779389694847424,0
1095,37.37,3.246623311655828,1
1096,32.83,-3.7868934467233615,0
1097,20.9,-7.708854427213607,0
1098,19.64,-2.5062531265632817,0
1099,47.56,5.167583791895948,0
1100,41.43,5.897948974487242,0
1101,31.32,3.556778389194596,0
1102,25.23,5.587793896948474,0
1103,47.62,-3.346673336668334,0
1104,38.82,-7.178589294647324,0
1105,41.24,-6.018009004502251,0
1106,57.14,5.967983991995997,1
1107,21.76,-0.615307653826914,0
1108,45.46,9.619809904952476,0
1109,55.0,2.5062531265632817,1
1110,53.97,-0.28514257128564324,0
1111,31.99,-1.0955477738869437,0
1112,33.63,-5.277638819409705,0
1113,27.22,-5.217608804402201,0
1114,50.36,2.0960480240120063,1
1115,23.4,8.119059529764883,0
1116,34.49,2.6263131565782896,1
1117,35.5,8.799399699849925,0
1118,45.02,-7.408704352176088,0
1119,59.83,-5.6578289144572285,0
1120,36.47,6.968484242121061,0
1121,38.67,-4.507253626813407,0
1122,55.52,-4.017008504252126,0
1123,47.29,-9.35967983991996,0
1124,49.14,5.717858929464732,0
1125,33.69,-8.119059529764883,0
1126,51.11,5.52776388194097,1
1127,55.63,2.146073036518258,1
1128,18.67,-7.358679339669835,0
1129,39.37,-2.1960980490245126,0
1130,35.46,-7.698849424712357,0
1131,34.72,-7.798899449724862,0
1132,22.18,-0.37518759379689826,0
1133,52.16,-8.149074537268634,0
1134,18.19,2.2461230615307652,0
1135,30.86,2.976488244122061,0
1136,28.88,4.397198599299649,0
1137,59.58,-6.63831915957979,0
1138,50.86,-6.238119059529765,0
1139,34.89,-1.4957478739369687,0
1140,25.96,4.287143571785892,0
1141,40.17,9.829914957478739,0
1142,27.29,0.1150575287643818,1
1143,56.68,1.5857928964482237,1
1144,27.94,4.327163581790895,0
1145,54.81,0.07503751875937859,1
1146,57.1,-0.7253626813406697,0
1147,55.02,1.4957478739369687,1
1148,24.53,4.147073536768383,0
1149,44.24,3.626813406703352,1
1150,24.77,-0.35517758879439754,0
1151,33.21,-2.7463731865932965,0
1152,19.13,5.637818909454728,0
1153,19.43,-3.1365682841420712,0
1154,30.1,-1.135567783891947,0
1155,51.45,2.086043021510754,1
1156,18.42,4.367183591795898,0
1157,39.26,6.128064032016006,0
1158,44.31,6.628314157078538,0
1159,42.02,5.227613806903451,0
1160,54.64,-7.308654327163582,0
1161,42.46,8.019009504752376,0
1162,38.93,-6.8284142071035525,0
1163,31.91,-6.758379189594797,0
1164,25.31,-2.116058029014508,0
1165,59.45,5.427713856928463,1
1166,29.18,-9.599799899949975,0
1167,51.26,-1.165582791395698,0
1168,41.49,0.3851925962981486,1
1169,32.56,0.24512256128064003,1
1170,58.32,-3.646823411705853,0
1171,45.21,-1.9859929964982488,0
1172,32.77,7.588794397198598,0
1173,55.71,-6.4282141070535275,0
1174,41.47,8.259129564782391,0
1175,26.03,-7.098549274637319,0
1176,30.25,-2.1560780390195102,0
1177,38.49,-7.278639319659829,0
1178,37.29,2.396198099049524,1
1179,46.32,2.826413206603302,1
1180,24.37,-0.525262631315659,0
1181,37.73,-6.80840420210105,0
1182,58.8,-0.1150575287643818,0
1183,47.77,-8.86943471735868,0
1184,53.38,-8.55927963981991,0
1185,39.87,-2.1260630315157583,0
1186,39.39,-9.919959979989995,0
1187,53.09,-1.2656328164082051,0
1188,23.34,-8.949474737368684,0
1189,57.54,1.3656828414207105,1
1190,47.88,-2.4462231115557778,0
1191,40.61,4.867433716858429,0
1192,58.66,-8.539269634817408,0
1193,45.38,-4.447223611805903,0
1194,26.43,4.8874437218609295,0
1195,25.35,9.68984492246123,0
1196,40.31,7.41870935467734,0
1197,39.75,1.0655327663831908,1
1198,52.02,6.30815407703852,1
1199,34.56,9.929964982491246,0
1200,51.57,7.918959479739868,0
1201,45.1,4.987493746873437,1
1202,36.62,2.2261130565282645,1
1203,56.62,3.706853426713357,1
1204,31.19,5.5977988994497245,0
1205,49.45,0.3251625812906447,1
1206,36.57,9.109554777388695,0
1207,31.97,9.499749874937468,0
1208,50.82,5.337668834417208,1
1209,56.16,-8.759379689844923,0
1210,46.97,-2.326163081540771,0
1211,29.47,-4.957478739369685,0
1212,46.26,-1.2456228114057026,0
1213,54.14,1.0955477738869437,1
1214,34.58,-0.9654827413706855,0
1215,47.69,-9.079539769884942,0
1216,31.03,-1.3656828414207105,0
1217,22.92,-2.9564782391195603,0
1218,26.82,-3.196598299149575,0
1219,40.19,-9.069534767383692,0
1220,36.91,-0.5152576288144068,0
1221,47.65,-9.67983991995998,0
1222,50.02,-9.929964982491246,0
1223,38.53,8.059029514757377,0
1224,30.19,-5.737868934467234,0
1225,42.71,2.1260630315157574,1
1226,38.78,0.40520260130064933,1
1227,46.68,-5.387693846923462,0
1228,27.12,-3.8569284642321167,0
1229,32.31,8.639319659829916,0
1230,52.9,4.577288644322161,1
1231,34.03,-7.718859429714858,0
1232,27.16,-0.9454727363681847,0
1233,56.76,-7.338669334667333,0
1234,55.23,-6.258129064532266,0
1235,19.28,5.127563781890945,0
1236,40.99,-8.769384692346174,0
1237,49.68,7.568784392196097,0
1238,28.55,3.0865432716358168,0
1239,55.38,-4.487243621810905,0
1240,24.79,-2.4062031015507754,0
1241,21.19,-2.8664332166083044,0
1242,41.09,-6.988494247123562,0
1243,30.08,-9.68984492246123,0
1244,27.96,-8.739369684842421,0
1245,47.37,1.1555777888944476,1
1246,58.55,-9.709854927463732,0
1247,29.77,-2.1360680340170086,0
1248,36.05,-0.3851925962981486,0
1249,44.83,0.2051025512756368,1
1250,44.89,-9.089544772386192,0
1251,22.22,-4.787393696848424,0
1252,56.34,-2.666333166583292,0
1253,25.02,-2.0160080040020016,0
1254,31.38,-7.238619309654828,0
1255,18.32,6.748374187093546,0
1256,45.29,5.157578789394696,1
1257,50.52,-7.828914457228614,0
1258,19.72,-4.407203601800901,0
1259,59.79,-5.117558779389695,0
1260,32.67,4.3371685842921455,0
1261,44.39,8.90945472736368,0
1262,26.93,-2.9664832416208107,0
1263,42.75,-3.8469234617308654,0
1264,32.1,5.477738869434717,0
1265,57.92,2.9664832416208107,1
1266,54.6,-3.036518259129565,0
1267,43.15,0.1850925462731361,1
1268,18.97,-6.568284142071036,0
1269,49.22,7.7088544272136055,0
1270,41.87,-3.156578289144573,0
1271,49.03,-4.627313656828415,0
1272,19.16,0.47523761880940363,1
1273,20.5,-3.7668834417208608,0
1274,49.33,2.016008004002,1
1275,54.45,-5.457728864432216,0
1276,48.91,7.058529264632316,0
1277,22.6,0.8254127063531769,1
1278,26.09,-7.59879939969985,0
1279,37.35,1.5157578789394694,1
1280,56.28,7.428714357178588,1
1281,29.68,3.3566783391695836,0
1282,54.1,-2.8764382191095548,0
1283,40.12,7.488744372186094,0
1284,38.3,-9.609804902451225,0
1285,40.0,0.08504252126063072,1
1286,19.53,3.776888444222111,0
1287,36.51,-3.716858429214607,0
1288,47.27,-1.6658329164582302,0
1289,20.98,4.357178589294646,0
1290,50.99,6.63831915957979,0
1291,43.19,1.345672836418208,1
1292,29.37,-4.377188594297149,0
1293,38.32,-0.025012506253126787,0
1294,34.26,-5.52776388194097,0
1295,32.6,-0.2551275637818904,0
1296,37.67,7.59879939969985,0
1297,49.66,-7.728864432216108,0
1298,25.79,-1.655827913956978,0
1299,55.82,6.658329164582291,1
1300,32.39,-7.368684342171086,0
1301,48.07,-1.9559779889944977,0
1302,54.26,7.858929464732366,1
1303,42.33,-0.2751375687843929,0
1304,25.56,2.3361680840420203,0
1305,52.63,0.2251125562781393,1
1306,26.24,1.7258629314657323,1
1307,55.4,9.309654827413706,1
1308,20.37,-3.8869434717358677,0
1309,22.24,9.349674837418707,0
1310,49.83,0.7153576788394194,1
1311,52.33,8.619309654827415,0
1312,37.18,-0.24512256128064003,0
1313,47.71,-6.038019009504753,0
1314,45.52,2.386193096548274,1
1315,31.47,-7.168584292146074,0
1316,20.0,0.41520760380190147,1
1317,53.76,7.158579289644823,1
1318,21.63,-5.697848924462232,0
1319,54.83,9.559779889944974,1
1320,55.55,6.458229114557277,1
1321,43.88,7.648824412206103,0
1322,38.46,1.625812906453227,1
1323,29.95,-5.927963981990995,0
1324,29.09,9.409704852426213,0
1325,22.94,3.9769884942471236,0
1326,22.58,-5.987993996998499,0
1327,25.19,8.389194597298648,0
1328,21.8,2.666333166583291,0
1329,51.55,-5.757878939469735,0
1330,59.41,2.9564782391195585,1
1331,56.09,-6.698349174587294,0
1332,54.87,-4.207103551775888,0
1333,48.0,1.8459229614807402,1
1334,25.42,0.37518759379689826,1
1335,24.41,6.348174087043521,0
1336,22.81,-5.0775387693846925,0
1337,54.37,-2.726363181590796,0
1338,18.53,-1.9759879939969984,0
1339,29.58,7.118559279639818,0
1340,50.55,3.1365682841420703,1
1341,52.94,-1.3356678339169594,0
1342,37.88,-8.259129564782391,0
1343,58.4,-4.837418709354678,0
1344,51.72,2.606303151575787,1
1345,42.48,-4.147073536768384,0
1346,59.24,9.339669834917459,1
1347,35.84,4.697348674337167,0
1348,29.74,8.099049524762382,0
1349,19.62,-0.7653826913456729,0
1350,53.21,6.378189094547274,1
1351,24.58,-9.109554777388695,0
1352,38.72,3.7468734367183583,1
1353,43.3,-9.579789894947474,0
1354,51.89,-5.1075537768884445,0
1355,53.95,-4.6173086543271635,0
1356,21.95,-9.009504752376188,0
1357,25.63,-6.868434217108554,0
1358,30.82,9.469734867433715,0
1359,19.87,-7.258629314657329,0
1360,41.76,-4.027013506753377,0
1361,26.01,-2.9264632316158083,0
1362,44.07,4.6473236618309155,1
1363,57.75,-8.38919459729865,0
1364,53.8,-2.5562781390695353,0
1365,25.58,4.047023511755878,0
1366,49.43,4.677338669334667,1
1367,29.7,6.478239119559781,0
1368,43.76,4.077038519259629,1
1369,53.0,8.959479739869934,0
1370,24.6,-2.026013006503252,0
1371,32.52,0.8654327163581783,1
1372,31.72,6.438219109554776,0
1373,33.9,0.8154077038519265,1
1374,35.92,-8.919459729864933,0
1375,28.21,2.7963981990995492,0
1376,50.38,-2.63631815907954,0
1377,24.95,5.567783891945972,0
1378,48.21,-7.9289644822411205,0
1379,54.24,7.328664332166081,1
1380,48.09,-8.71935967983992,0
1381,34.6,5.297648824412205,0
1382,55.9,5.277638819409704,1
1383,20.71,2.366183091545773,0
1384,45.86,-7.848924462231116,0
1385,20.61,6.048024012006003,0
1386,35.48,7.698849424712357,0
1387,23.21,-4.687343671835918,0
1388,33.34,2.546273136568283,1
1389,50.06,-7.878939469734867,0
1390,47.52,6.97848924462231,0
1391,26.66,-3.7568784392196104,0
1392,50.67,-4.707353676838419,0
1393,28.38,9.719859929964983,0
1394,46.83,7.268634317158579,0
1395,43.7,-0.4352176088044022,0
1396,49.2,8.649324662331164,0
1397,28.25,-3.1065532766383193,0
1398,53.61,-2.086043021510756,0
1399,55.44,-7.858929464732366,0
1400,40.4,7.958979489744873,0
1401,53.36,-1.1755877938969483,0
1402,44.18,-2.856428214107054,0
1403,42.25,-8.099049524762382,0
1404,21.53,-6.188094047023512,0
1405,44.62,6.498249124562282,0
1406,53.53,-6.438219109554778,0
1407,58.21,-5.017508754377189,0
1408,55.67,2.6463231615807903,1
1409,38.99,-7.548774387193597,0
1410,53.7,-9.749874937468734,0
1411,36.64,2.5662831415707856,1
1412,26.59,-7.518759379689845,0
1413,54.22,0.025012506253126787,1
1414,39.35,-1.4057028514257137,0
1415,38.0,9.84992496248124,0
1416,45.27,-8.369184592296149,0
1417,59.96,2.766383191595798,1
1418,37.6,-6.228114057028515,0
1419,56.91,-9.239619809904953,0
1420,59.1,-4.0670335167583795,0
1421,44.81,-3.3366683341670837,0
1422,55.04,-0.6753376688344179,0
1423,58.61,2.4062031015507745,1
1424,54.39,7.188594297148573,1
1425,23.04,-2.9964982491245626,0
1426,37.85,-8.939469734867433,0
1427,25.86,8.54927463731866,0
1428,46.78,1.9859929964982488,1
1429,52.6,8.899449724862432,0
1430,49.54,8.72936468234117,0
1431,44.35,-6.168084042021011,0
1432,55.29,1.3256628314157073,1
1433,20.16,-6.858429214607304,0
1434,58.3,8.939469734867433,1
1435,42.73,3.886943471735867,0
1436,58.03,-0.3451725862931472,0
1437,53.23,-7.288644322161081,0
1438,24.22,4.2771385692846415,0
1439,27.56,-4.297148574287144,0
1440,54.03,1.405702851425712,1
1441,52.14,3.5167583791895947,1
1442,38.25,0.14507253626813466,1
1443,36.03,7.638819409704851,0
1444,25.16,-2.0760380190095047,0
1445,23.0,9.939969984992494,0
1446,25.69,4.807403701850925,0
1447,19.51,3.2366183091545775,0
1448,58.95,-8.809404702351175,0
1449,18.34,0.4552276138069029,1
1450,59.01,5.887943971985992,1
1451,24.03,-8.529264632316158,0
1452,58.13,2.7763881940970485,1
1453,27.45,-6.218109054527264,0
1454,57.65,3.4267133566783397,1
1455,50.17,-1.4257128564282144,0
1456,27.5,-6.5182591295647825,0
1457,52.73,-5.407703851925963,0
1458,56.18,4.997498749374687,1
1459,19.55,3.166583291645823,0
1460,22.31,3.7868934467233615,0
1461,33.72,8.989494747373687,0
1462,53.63,3.2666333166583286,1
1463,55.76,9.989994997498748,1
1464,32.41,-4.417208604302151,0
1465,46.64,-2.416208104052026,0
1466,32.29,-7.198599299649825,0
1467,21.93,-2.3561780890445227,0
1468,39.14,-3.3866933466733364,0
1469,50.42,-9.159579789894947,0
1470,46.99,5.387693846923462,1
1471,58.0,-9.98999499749875,0
1472,47.54,-2.3861930965482747,0
1473,37.75,-1.415707853926964,0
1474,29.3,-2.606303151575788,0
1475,51.93,-4.5272636318159085,0
1476,25.0,8.979489744872435,0
1477,46.28,6.728364182091045,0
1478,27.62,-1.965982991495748,0
1479,22.9,2.1360680340170077,0
1480,36.13,9.949974987493746,0
1481,51.53,5.2876438219109545,1
1482,33.65,9.549774887443721,0
1483,50.31,-9.809904952476238,0
1484,31.15,4.257128564282141,0
1485,42.81,-7.978989494747374,0
1486,28.63,-6.0880440220110055,0
1487,57.39,7.0985492746373176,1
1488,20.92,-8.189094547273637,0
1489,26.72,6.8184092046023,0
1490,34.07,-9.149574787393696,0
1491,30.92,-9.479739869934967,0
1492,56.24,9.329664832416206,1
1493,47.44,1.2456228114057026,1
1494,30.71,-5.817908954477239,0
1495,40.96,-3.0565282641320666,0
1496,56.7,1.3556778389194601,1
1497,20.25,8.479239619809903,0
1498,45.5,5.087543771885942,1
1499,36.45,9.889944972486244,0
1500,46.95,5.1075537768884445,1
1501,47.35,-6.278139069534768,0
1502,37.83,2.6563281640820406,1
1503,44.41,-4.177088544272136,0
1504,52.21,9.209604802401198,0
1505,36.11,-8.679339669834917,0
1506,36.97,1.015507753876939,1
1507,59.94,-4.277138569284642,0
1508,26.7,0.6453226613306651,1
1509,26.17,-6.838419209604803,0
1510,58.91,5.537768884442221,1
1511,58.17,4.117058529264632,1
1512,31.17,-7.678839419709854,0
1513,42.31,-8.629314657328663,0
1514,40.06,-6.788394197098549,0
1515,48.84,-3.3266633316658334,0
1516,47.5,-5.867933966983492,0
1517,43.67,-8.819409704852426,0
1518,51.83,5.007503751875937,1
1519,34.39,2.2561280640320156,1
1520,48.36,-4.317158579289645,0
1521,53.34,1.3856928464232112,1
1522,29.98,0.015007503751876428,1
1523,46.22,-5.397698849424713,0
1524,23.48,1.9359679839919952,0
1525,33.44,-9.829914957478739,0
1526,31.68,-9.879939969984992,0
1527,48.63,-7.328664332166083,0
1528,52.81,9.799899949974986,0
1529,18.88,-4.477238619309655,0
1530,25.33,-5.5677838919459735,0
1531,27.79,-7.648824412206103,0
1532,32.64,6.7983991995998,0
1533,55.65,1.3056528264132066,1
1534,29.03,-2.6763381690845423,0
1535,33.97,-5.767883941970986,0
1536,40.42,-6.598299149574787,0
1537,53.17,9.809904952476238,0
1538,49.49,9.17958979489745,1
1539,31.11,-2.3761880940470235,0
1540,52.88,-0.9854927463731862,0
1541,37.46,-7.048524262131066,0
1542,46.89,-4.287143571785893,0
1543,31.74,6.99849924962481,0
1544,31.22,-3.586793396698349,0
1545,52.52,-8.859429714857429,0
1546,58.97,0.5552776388194101,1
1547,36.28,3.0465232616308153,1
1548,20.21,4.297148574287144,0
1549,55.94,-6.908454227113557,0
1550,22.5,9.599799899949975,0
1551,18.36,-5.637818909454728,0
1552,50.15,-4.517258629314657,0
1553,38.84,9.50975487743872,0
1554,36.55,2.706353176588294,1
1555,34.91,7.46873436718359,0
1556,50.69,6.938469234617308,0
1557,46.41,4.637318659329665,1
1558,52.46,-8.519259629814908,0
1559,26.45,6.48824412206103,0
1560,46.87,0.13506753376688252,1
1561,56.83,-5.857928964482241,0
1562,37.1,-9.03951975987994,0
1563,43.44,5.867933966983491,0
1564,35.69,0.6353176588294147,1
1565,49.31,-0.5452726363181597,0
1566,40.38,-5.067533766883442,0
1567,43.23,7.048524262131064,0
1568,21.42,-7.9589794897448725,0
1569,49.35,-4.897448724362182,0
1570,49.96,-4.637318659329665,0
1571,53.4,1.0255127563781894,1
1572,46.2,6.248124062031014,0
1573,28.82,8.57928964482241,0
1574,35.94,4.8274137068534255,0
1575,36.09,-2.8364182091045524,0
1576,59.03,6.14807403701851,1
1577,36.38,-2.946473236618309,0
1578,20.94,-8.599299649824912,0
1579,38.11,4.977488744372186,0
1580,21.99,7.358679339669834,0
1581,30.63,-2.886443221610806,0
1582,27.37,-4.6473236618309155,0
1583,39.03,8.519259629814908,0
1584,27.31,-6.728364182091045,0
1585,58.49,5.737868934467233,1
1586,41.3,-1.0455227613806901,0
1587,47.94,-9.1895947973987,0
1588,43.65,2.176088044022011,1
1589,56.07,1.7558779389694852,1
1590,24.07,-4.047023511755878,0
1591,27.33,3.526763381690845,0
1592,53.44,7.668834417208604,1
1593,24.89,-3.2066033016508255,0
1594,49.18,4.4972486243121566,1
1595,30.31,1.965982991495748,1
1596,33.09,-6.768384192096049,0
1597,59.87,3.646823411705853,1
1598,58.47,1.7058529264632316,1
1599,48.02,-8.329164582291146,0
1600,35.8,3.1165582791395696,1
1601,50.4,0.3651825912956479,1
1602,40.88,6.278139069534767,0
1603,30.23,8.039019509754876,0
1604,57.12,0.5352676338169076,1
1605,38.15,-5.717858929464732,0
1606,46.66,4.347173586793396,1
1607,26.89,8.929464732366181,0
1608,46.57,-6.718359179589795,0
1609,51.78,-5.287643821910955,0
1610,23.74,-6.4582291145572785,0
1611,28.3,6.268134067033515,0
1612,40.23,4.957478739369684,0
1613,29.16,-1.1555777888944476,0
1614,50.08,-5.6278139069534765,0
1615,46.03,-0.8854427213606808,0
1616,46.09,-6.32816408204102,0
1617,44.77,4.71735867933967,1
1618,23.76,0.8354177088544272,1
1619,40.82,5.977988994497249,0
1620,47.58,2.236118059029515,1
1621,50.04,-9.909954977488745,0
1622,41.8,-0.005002501250626068,0
1623,42.94,7.168584292146072,0
1624,20.96,-3.5767883941970986,0
1625,29.2,5.027513756878438,0
1626,57.52,2.5962981490745367,1
1627,37.54,1.4557278639319655,1
1628,49.1,-2.826413206603302,0
1629,30.52,-1.7458729364682348,0
1630,18.99,8.21910955477739,0
1631,33.15,-9.939969984992496,0
1632,26.28,-7.588794397198599,0
1633,21.07,-2.766383191595798,0
1634,18.0,0.055027513756877866,1
1635,38.65,-9.9799899949975,0
1636,50.1,3.4167083541770875,1
1637,41.68,0.17508754377188573,1
1638,39.3,8.299149574787393,0
1639,37.33,3.6968484242121065,0
1640,46.55,-6.62831415707854,0
1641,26.49,0.12506253126563216,1
1642,29.22,-6.0580290145072535,0
1643,33.88,4.267133566783391,0
1644,38.61,5.307653826913457,0
1645,22.62,-3.9769884942471236,0
1646,18.21,0.7753876938469233,1
1647,26.07,-9.499749874937468,0
1648,27.08,9.37968984492246,0
1649,51.51,-4.547273636818409,0
1650,41.32,-2.0960480240120063,0
1651,37.43,-1.3056528264132066,0
1652,26.99,-3.256628314157079,0
1653,38.07,-6.708354177088545,0
1654,45.71,-6.738369184592296,0
1655,54.16,0.6253126563281644,1
1656,33.78,-6.348174087043522,0
1657,50.9,-7.188594297148574,0
1658,22.96,7.658829414707352,0
1659,46.72,9.06953476738369,0
1660,27.27,-0.10505252626313144,0
1661,26.55,2.846423211605803,0
1662,32.08,3.6168084042021,0
1663,44.73,0.6853426713356683,1
1664,19.66,9.819909954977486,0
1665,49.01,5.407703851925962,1
1666,47.33,-5.347673836918459,0
1667,37.14,5.947973986993496,0
1668,49.37,0.42521260630315183,1
1669,27.6,3.6368184092046025,0
1670,21.91,-0.8754377188594304,0
1671,28.36,0.6753376688344161,1
1672,32.46,4.7373686843421705,0
1673,27.75,-5.237618809404703,0
1674,51.28,9.899949974987493,0
1675,56.26,-4.807403701850926,0
1676,40.78,-0.5852926463231611,0
1677,19.91,4.627313656828413,0
1678,35.14,9.009504752376188,0
1679,24.3,-9.319659829914958,0
1680,56.11,-8.489244622311155,0
1681,45.82,-0.1850925462731361,0
1682,35.44,-2.0060030015007504,0
1683,36.36,4.317158579289645,0
1684,43.8,1.6358179089544773,1
1685,45.61,5.987993996998499,0
1686,31.09,-9.639819909954978,0
1687,46.01,-0.48524262131065576,0
1688,32.94,-8.799399699849925,0
1689,25.27,-1.5257628814407198,0
1690,54.43,7.978989494747374,0
1691,38.91,-5.977988994497249,0
1692,53.42,2.2161080540270124,1
1693,20.65,-0.9754877438719358,0
1694,21.57,-1.2956478239119562,0
1695,34.96,-7.138569284642321,0
1696,34.12,-5.427713856928464,0
1697,51.3,8.999499749874936,0
1698,39.89,-0.23511755877938967,0
1699,54.2,-2.5362681340670337,0
1700,55.08,-8.659329664832416,0
1701,25.12,-4.88744372186093,0
1702,31.43,4.547273636818408,0
1703,23.5,-0.06503251625813,0
1704,31.24,9.83991995997999,0
1705,41.28,4.967483741870936,1
1706,20.23,9.099549774887443,0
1707,28.15,-7.988994497248624,0
1708,34.93,0.3451725862931454,1
1709,29.62,-3.896948474237119,0
1710,23.57,-4.6773386693346675,0
1711,23.46,-7.5287643821910955,0
1712,25.44,4.507253626813407,0
1713,56.41,5.767883941970984,1
1714,56.79,5.817908954477238,1
1715,51.22,-5.267633816908455,0
1716,39.68,6.94847423711856,0
1717,39.28,2.5562781390695353,1
1718,27.24,0.8754377188594287,1
1719,20.14,-5.367683841920961,0
1720,51.64,-4.327163581790896,0
1721,48.11,7.318659329664833,1
1722,35.98,-0.2951475737868936,0
1723,37.5,-8.72936468234117,0
1724,25.46,-9.559779889944972,0
1725,59.18,4.747373686843421,1
1726,41.03,-8.269134567283642,0
1727,31.13,-4.23711855927964,0
1728,59.26,-5.797898949474737,0
1729,53.15,4.217108554277138,1
1730,19.37,4.537268634317158,0
1731,55.78,-8.129064532266133,0
1732,23.88,-3.0165082541270634,0
1733,33.42,3.0265132566283146,0
1734,53.02,-0.6853426713356683,0
1735,26.85,2.696348174087044,0
1736,29.79,0.2951475737868936,1
1737,48.61,3.466733366683341,1
1738,49.62,0.9554777388694351,1
1739,30.84,-9.169584792396199,0
1740,18.23,1.8859429714857434,0
1741,21.74,3.6868434217108543,0
1742,58.07,-2.816408204102051,0
1743,22.06,8.669334667333665,0
1744,32.37,1.0455227613806901,1
1745,33.76,4.4072036018009,0
1746,49.47,-4.197098549274638,0
1747,40.84,-1.7358679339669845,0
1748,18.84,2.81640820410205,0
1749,33.51,8.489244622311155,0
1750,39.54,-3.3966983491745877,0
1751,35.21,3.096548274137069,0
1752,47.9,-1.3456728364182098,0
1753,36.2,9.639819909954976,0
1754,40.5,-4.607303651825913,0
1755,33.04,-4.777388694347174,0
1756,44.87,7.7488744372186105,0
1757,25.71,-7.298649324662332,0
1758,51.34,9.479739869934967,0
1759,32.58,8.209104552276138,0
1760,33.46,-1.9059529764882441,0
1761,53.91,2.32616308154077,1
1762,50.59,4.067033516758379,1
1763,54.75,-1.225612806403202,0
1764,44.75,8.369184592296147,0
1765,47.16,6.558279139569784,1
1766,52.96,-0.7753876938469233,0
1767,42.35,-9.129564782391196,0
1768,59.05,8.229114557278638,1
1769,59.2,7.368684342171086,1
1770,37.98,7.458729364682341,0
1771,48.44,5.577788894447224,1
1772,44.7,2.9264632316158075,1
1773,31.28,-6.338169084542271,0
1774,22.41,-4.997498749374688,0
1775,34.77,6.688344172086044,0
1776,25.25,-7.4687343671835915,0
1777,20.56,8.189094547273637,0
1778,55.88,7.258629314657327,1
1779,37.12,-2.736368184092046,0
1780,20.33,8.969484742371186,0
1781,27.54,-5.467733866933467,0
1782,35.27,8.529264632316156,0
1783,54.29,7.728864432216106,1
1784,33.8,-7.91895947973987,0
1785,55.31,-6.468234117058529,0
1786,27.14,1.715857928964482,1
1787,53.28,2.936468234117058,1
1788,27.85,7.228614307153578,0
1789,20.12,-1.6758379189594805,0
1790,58.63,-6.198099049524762,0
1791,34.87,-0.4752376188094054,0
1792,49.26,5.0475237618809405,1
1793,33.23,4.917458729364682,0
1794,21.03,-3.2966483241620814,0
1795,35.59,0.5652826413206604,1
1796,53.51,3.396698349174587,1
1797,19.2,-2.79639819909955,0
1798,29.85,1.2356178089044523,1
1799,35.82,2.756378189094548,1
1800,46.93,2.8364182091045524,1
1801,49.7,9.679839919959978,0
1802,36.66,2.056028014007003,1
1803,28.59,-2.7763881940970485,0
1804,18.15,3.306653326663332,0
1805,26.74,5.187593796898449,0
1806,53.59,4.927463731865933,1
1807,58.24,-2.146073036518259,0
1808,58.93,9.439719859929966,1
1809,58.76,-7.74887443721861,0
1810,55.19,5.2176088044022,1
1811,48.78,6.058029014507252,0
1812,42.08,-5.5377688844422215,0
1813,44.96,2.576288144072036,1
1814,49.28,9.289644822411205,0
1815,58.82,9.589794897448723,1
1816,34.14,3.6568284142071033,0
1817,45.57,5.097548774387192,0
1818,26.11,4.557278639319659,0
1819,43.78,7.338669334667333,0
1820,32.27,-9.51975987993997,0
1821,20.29,5.327663831915958,0
1822,24.72,9.579789894947474,0
1823,56.53,-9.659829914957479,0
1824,36.53,5.607803901950975,0
1825,51.07,9.53976988494247,0
1826,47.04,-7.11855927963982,0
1827,32.79,2.8964482241120564,1
1828,41.55,9.769884942471236,0
1829,42.92,4.137068534267133,0
1830,18.17,-0.44522261130565255,0
1831,24.09,-8.449224612306153,0
1832,22.54,9.089544772386194,0
1833,41.99,8.569284642321161,0
1834,30.12,-2.756378189094548,0
1835,20.54,6.738369184592294,0
1836,26.57,0.10505252626313144,1
1837,36.93,-5.297648824412207,0
1838,24.05,-7.888944472236118,0
1839,57.31,4.937468734367183,1
1840,55.21,-4.387193596798399,0
1841,54.89,5.437718859429715,1
1842,49.07,5.397698849424712,0
1843,44.28,1.9159579789894945,1
1844,26.87,-8.299149574787394,0
1845,43.93,5.377688844422211,1
1846,28.72,-6.108054027013507,0
1847,32.06,-4.22711355677839,0
1848,42.6,-8.219109554777388,0
1849,51.95,-1.0255127563781894,0
1850,33.17,9.749874937468732,0
1851,38.02,-0.1350675337668843,0
1852,52.44,5.057528764382191,1
1853,27.66,3.8769384692346165,0
1854,50.19,6.888444222111055,0
1855,22.52,1.5357678839419702,0
1856,37.56,-2.3461730865432715,0
1857,38.38,-2.0360180090045024,0
1858,40.25,-2.8964482241120564,0
1859,47.18,2.416208104052025,1
1860,21.49,6.238119059529765,0
1861,46.51,-6.538269134567283,0
1862,40.63,9.249624812406203,0
1863,19.83,-8.08904452226113,0
1864,35.88,9.139569784892444,0
1865,37.81,9.149574787393696,0
1866,51.68,9.729864932466231,1
1867,57.25,-7.8389194597298655,0
1868,56.32,9.319659829914958,1
1869,30.54,-2.176088044022011,0
1870,30.14,8.10905452726363,0
1871,27.58,6.448224112056028,0
1872,54.79,-3.1465732866433216,0
1873,36.8,6.2981490745372675,0
1874,40.1,-4.977488744372186,0
1875,24.64,-7.818909454727364,0
1876,52.37,-4.367183591795898,0
1877,57.71,-9.309654827413707,0
1878,54.96,-0.7153576788394194,0
1879,29.05,3.4767383691845914,0
1880,48.47,-4.987493746873437,0
1881,47.14,5.317658829414707,1
1882,25.67,-6.148074037018509,0
1883,37.06,3.2966483241620814,1
1884,50.94,3.0565282641320657,1
1885,43.51,-1.6058029014507262,0
1886,50.65,1.6758379189594788,1
1887,28.65,4.0970485242621315,0
1888,26.64,-6.6083041520760375,0
1889,27.43,-3.676838419209605,0
1890,42.2,3.9169584792396197,1
1891,47.96,-1.3956978489244634,0
1892,41.59,-3.686843421710855,0
1893,21.51,4.857428714357178,0
1894,44.16,3.3266633316658325,1
1895,41.22,-9.759879939969984,0
1896,29.83,1.4157078539269623,1
1897,51.43,7.298649324662332,1
1898,24.43,7.738869434717358,0
1899,38.4,-4.657328664332166,0
1900,48.72,-3.806903451725863,0
1901,29.39,3.3866933466733364,0
1902,52.56,-4.767383691845923,0
1903,42.52,1.0755377688844412,1
1904,57.02,0.3151575787893943,1
1905,42.41,-8.839419709854928,0
1906,55.59,0.9254627313656822,1
1907,36.17,-4.937468734367184,0
1908,38.44,3.8569284642321158,1
1909,19.68,3.4467233616808404,0
1910,24.16,-6.618309154577289,0
1911,48.68,-0.09504752376188108,0
1912,46.76,4.7973986993496744,0
1913,20.52,0.5952976488244115,1
1914,27.48,7.448724362181089,0
1915,50.5,6.758379189594798,1
1916,23.59,-1.3756878439219609,0
1917,18.76,-1.7958979489744866,0
1918,55.69,-7.218609304652326,0
1919,45.25,-8.979489744872437,0
1920,54.85,-3.226613306653327,0
1921,33.61,-0.5652826413206604,0
1922,23.63,1.7958979489744866,0
1923,55.86,-1.015507753876939,0
1924,46.05,4.157078539269634,1
1925,51.91,-1.935967983991997,0
1926,57.81,2.3561780890445227,1
1927,48.49,1.5557778889444727,1
1928,54.47,6.318159079539768,1
1929,26.91,4.947473736868433,0
1930,36.26,5.247623811905953,0
1931,57.48,2.0060030015007495,1
1932,46.24,9.389694847423712,1
1933,51.36,6.588294147073537,1
1934,28.0,-6.7983991995998,0
1935,24.32,-0.08504252126063072,0
1936,56.3,-5.2276138069034515,0
1937,19.26,3.1065532766383193,0
1938,27.1,9.969984992496247,0
1939,22.29,-1.0655327663831926,0
1940,26.76,9.909954977488745,0
1941,50.0,0.15507753876938501,1
1942,54.35,-5.327663831915958,0
1943,25.61,-4.1870935467733865,0
1944,31.7,3.836918459229615,0
1945,48.53,0.9354677338669326,1
1946,18.48,0.7653826913456729,1
1947,18.5,2.2861430715357667,0
1948,44.43,-9.419709854927463,0
1949,21.7,6.648324162081039,0
1950,24.01,-5.377688844422211,0
1951,37.04,-1.1255627813906948,0
1952,36.95,2.8064032016007996,1
1953,30.9,-4.86743371685843,0
1954,52.27,-5.917958979489745,0
1955,42.86,-4.797398699349675,0
1956,18.63,-0.15507753876938501,0
1957,22.08,-8.059029514757379,0
1958,45.73,-3.186593296648324,0
1959,33.55,-3.9669834917458733,0
1960,52.67,-7.7788894447223615,0
1961,28.61,3.4567283641820907,0
1962,21.17,5.69784892446223,0
1963,52.08,-2.186093046523262,0
1964,19.18,6.50825412706353,0
1965,40.71,-9.229614807403703,0
1966,43.04,-5.9679839919959985,0
1967,35.54,2.3161580790395195,1
1968,41.72,6.548274137068535,0
1969,22.75,-6.448224112056028,0
1970,43.11,3.12656328164082,1
1971,23.17,-8.039019509754878,0
1972,40.9,-8.69934967483742,0
1973,48.17,4.007003501750875,1
1974,32.33,-3.4467233616808404,0
1975,50.48,9.159579789894948,0
1976,47.23,2.3761880940470235,1
1977,56.49,4.89744872436218,1
1978,19.76,6.578289144572285,0
1979,30.38,-6.678339169584793,0
1980,24.81,4.227113556778388,0
1981,19.11,8.68934467233617,0
1982,53.82,-9.569784892446224,0
1983,34.05,3.5367683841920954,0
1984,45.08,1.5757878939469734,1
1985,42.27,-9.379689844922462,0
1986,42.04,-1.565782891445723,0
1987,19.95,9.70985492746373,0
1988,30.29,5.627813906953476,0
1989,20.88,5.777888944472236,0
1990,51.97,1.6458229114557277,1
1991,22.87,0.9754877438719358,1
1992,43.91,-0.4552276138069029,0
1993,32.9,-0.30515257628814396,0
1994,38.7,-1.0855427713856933,0
1995,57.16,1.2156078039019498,1
1996,42.37,2.516258129064532,1
1997,52.71,-8.24912456228114,0
1998,48.76,6.66833416708354,0
1999,52.54,4.787393696848424,1
